[
  {
    "format": "CDDG",
    "year": "2005~2009",
    "revenue": 0.1870156455622167
  },
  {
    "format": "CDDG",
    "year": "2010~2014",
    "revenue": 0.236248437322423
  },
  {
    "format": "CDDG",
    "year": "2015~2019",
    "revenue": 0.35875511026659757
  },
  {
    "format": "CDDG",
    "year": "2020~2024",
    "revenue": 0.4893509546291474
  },
  {
    "format": "BDNI",
    "year": "2005~2009",
    "revenue": 0.31273027177850743
  },
  {
    "format": "BDNI",
    "year": "2010~2014",
    "revenue": 0.27508503401360546
  },
  {
    "format": "BDNI",
    "year": "2015~2019",
    "revenue": 0.3805897527702039
  },
  {
    "format": "BDNI",
    "year": "2020~2024",
    "revenue": 0.3458087485823392
  },
  {
    "format": "MIRG",
    "year": "2005~2009",
    "revenue": 0.3199056110107323
  },
  {
    "format": "MIRG",
    "year": "2010~2014",
    "revenue": 0.3521668919933904
  },
  {
    "format": "MIRG",
    "year": "2015~2019",
    "revenue": 0.34328853492616557
  },
  {
    "format": "MIRG",
    "year": "2020~2024",
    "revenue": 0.28596620327095057
  },
  {
    "format": "CVHI",
    "year": "2005~2009",
    "revenue": 0.3405214512017914
  },
  {
    "format": "CVHI",
    "year": "2010~2014",
    "revenue": 0.35700555226595954
  },
  {
    "format": "CVHI",
    "year": "2015~2019",
    "revenue": 0.350011516450807
  },
  {
    "format": "CVHI",
    "year": "2020~2024",
    "revenue": 0.4016704749497686
  },
  {
    "format": "MIRC",
    "year": "2005~2009",
    "revenue": 0.33953823953823953
  },
  {
    "format": "MIRC",
    "year": "2010~2014",
    "revenue": 0.24697104524608118
  },
  {
    "format": "MIRC",
    "year": "2015~2019",
    "revenue": 0.3305990067672951
  },
  {
    "format": "MIRC",
    "year": "2020~2024",
    "revenue": 0.3864856656948494
  },
  {
    "format": "SNCP",
    "year": "2005~2009",
    "revenue": 0.1501625406351588
  },
  {
    "format": "SNCP",
    "year": "2010~2014",
    "revenue": 0.18695526695526696
  },
  {
    "format": "SNCP",
    "year": "2015~2019",
    "revenue": 0.16444821251942915
  },
  {
    "format": "SNCP",
    "year": "2020~2024",
    "revenue": 0.2544842177315225
  },
  {
    "format": "MISG",
    "year": "2005~2009",
    "revenue": 0.22588115859268423
  },
  {
    "format": "MISG",
    "year": "2010~2014",
    "revenue": 0.31433444952758255
  },
  {
    "format": "MISG",
    "year": "2015~2019",
    "revenue": 0.40914273712005284
  },
  {
    "format": "MISG",
    "year": "2020~2024",
    "revenue": 0.6116919555328046
  }
]