[
  {
    "format": "CDDG",
    "year": "2005~2009",
    "revenue": 0.1735649902919285
  },
  {
    "format": "CDDG",
    "year": "2010~2014",
    "revenue": 0.23042688128477506
  },
  {
    "format": "CDDG",
    "year": "2015~2019",
    "revenue": 0.15383235195097783
  },
  {
    "format": "CDDG",
    "year": "2020~2024",
    "revenue": 0.1281104054353738
  },
  {
    "format": "BDNI",
    "year": "2005~2009",
    "revenue": 0.17811763687198864
  },
  {
    "format": "BDNI",
    "year": "2010~2014",
    "revenue": 0.14547240304999104
  },
  {
    "format": "BDNI",
    "year": "2015~2019",
    "revenue": 0.16766255492970417
  },
  {
    "format": "BDNI",
    "year": "2020~2024",
    "revenue": 0.12922527056021454
  },
  {
    "format": "MIRG",
    "year": "2005~2009",
    "revenue": 0.16453890567234708
  },
  {
    "format": "MIRG",
    "year": "2010~2014",
    "revenue": 0.17075106019827407
  },
  {
    "format": "MIRG",
    "year": "2015~2019",
    "revenue": 0.16624450339582367
  },
  {
    "format": "MIRG",
    "year": "2020~2024",
    "revenue": 0.14807001122428545
  },
  {
    "format": "CVHI",
    "year": "2005~2009",
    "revenue": 0.1510381215266643
  },
  {
    "format": "CVHI",
    "year": "2010~2014",
    "revenue": 0.13009661255942728
  },
  {
    "format": "CVHI",
    "year": "2015~2019",
    "revenue": 0.1270775009048421
  },
  {
    "format": "CVHI",
    "year": "2020~2024",
    "revenue": 0.11826532820759515
  },
  {
    "format": "MIRC",
    "year": "2005~2009",
    "revenue": 0.16228643375296486
  },
  {
    "format": "MIRC",
    "year": "2010~2014",
    "revenue": 0.1391009093254241
  },
  {
    "format": "MIRC",
    "year": "2015~2019",
    "revenue": 0.15614828664615318
  },
  {
    "format": "MIRC",
    "year": "2020~2024",
    "revenue": 0.13878888547772605
  },
  {
    "format": "SNCP",
    "year": "2005~2009",
    "revenue": 0.21889139455175388
  },
  {
    "format": "SNCP",
    "year": "2010~2014",
    "revenue": 0.21713944007073255
  },
  {
    "format": "SNCP",
    "year": "2015~2019",
    "revenue": 0.189698631633704
  },
  {
    "format": "SNCP",
    "year": "2020~2024",
    "revenue": 0.17435976924407104
  },
  {
    "format": "MISG",
    "year": "2005~2009",
    "revenue": 0.18232103849279435
  },
  {
    "format": "MISG",
    "year": "2010~2014",
    "revenue": 0.16699748319412594
  },
  {
    "format": "MISG",
    "year": "2015~2019",
    "revenue": 0.16530859647940582
  },
  {
    "format": "MISG",
    "year": "2020~2024",
    "revenue": 0.11932221695507103
  }
]