[
  {
    "format": "CDDG",
    "year": "2005~2009",
    "revenue": 0.18631303208906352
  },
  {
    "format": "CDDG",
    "year": "2010~2014",
    "revenue": 0.23021945682334147
  },
  {
    "format": "CDDG",
    "year": "2015~2019",
    "revenue": 0.34347867661120673
  },
  {
    "format": "CDDG",
    "year": "2020~2024",
    "revenue": 0.46704624912596143
  },
  {
    "format": "BDNI",
    "year": "2005~2009",
    "revenue": 0.3170978265864081
  },
  {
    "format": "BDNI",
    "year": "2010~2014",
    "revenue": 0.28045595708639187
  },
  {
    "format": "BDNI",
    "year": "2015~2019",
    "revenue": 0.38433100512932444
  },
  {
    "format": "BDNI",
    "year": "2020~2024",
    "revenue": 0.33529943372463056
  },
  {
    "format": "MIRG",
    "year": "2005~2009",
    "revenue": 0.3096611532952695
  },
  {
    "format": "MIRG",
    "year": "2010~2014",
    "revenue": 0.3315119164676687
  },
  {
    "format": "MIRG",
    "year": "2015~2019",
    "revenue": 0.3276951543080575
  },
  {
    "format": "MIRG",
    "year": "2020~2024",
    "revenue": 0.28406451272304933
  },
  {
    "format": "CVHI",
    "year": "2005~2009",
    "revenue": 0.34359960935201855
  },
  {
    "format": "CVHI",
    "year": "2010~2014",
    "revenue": 0.3519875186541853
  },
  {
    "format": "CVHI",
    "year": "2015~2019",
    "revenue": 0.3528320802005013
  },
  {
    "format": "CVHI",
    "year": "2020~2024",
    "revenue": 0.39376250718405725
  },
  {
    "format": "MIRC",
    "year": "2005~2009",
    "revenue": 0.3357725224084671
  },
  {
    "format": "MIRC",
    "year": "2010~2014",
    "revenue": 0.24602426405396002
  },
  {
    "format": "MIRC",
    "year": "2015~2019",
    "revenue": 0.3342151675485009
  },
  {
    "format": "MIRC",
    "year": "2020~2024",
    "revenue": 0.3765929549485417
  },
  {
    "format": "SNCP",
    "year": "2005~2009",
    "revenue": 0.16184807256235828
  },
  {
    "format": "SNCP",
    "year": "2010~2014",
    "revenue": 0.19451850577678392
  },
  {
    "format": "SNCP",
    "year": "2015~2019",
    "revenue": 0.16971988795518209
  },
  {
    "format": "SNCP",
    "year": "2020~2024",
    "revenue": 0.24859287788763376
  },
  {
    "format": "MISG",
    "year": "2005~2009",
    "revenue": 0.21196936749550913
  },
  {
    "format": "MISG",
    "year": "2010~2014",
    "revenue": 0.31124121779859487
  },
  {
    "format": "MISG",
    "year": "2015~2019",
    "revenue": 0.40992566811981607
  },
  {
    "format": "MISG",
    "year": "2020~2024",
    "revenue": 0.5832316797686816
  }
]