[
  {
    "format": "CDDG",
    "year": "2005",
    "revenue": 0.33870018270219576
  },
  {
    "format": "CDDG",
    "year": "2006",
    "revenue": 0.2841552580639718
  },
  {
    "format": "CDDG",
    "year": "2007",
    "revenue": 0.25014472477379746
  },
  {
    "format": "CDDG",
    "year": "2008",
    "revenue": 0.3027269586051997
  },
  {
    "format": "CDDG",
    "year": "2009",
    "revenue": 0.33147590271553107
  },
  {
    "format": "CDDG",
    "year": "2010",
    "revenue": 0.3029826495089426
  },
  {
    "format": "CDDG",
    "year": "2011",
    "revenue": 0.17186627665860332
  },
  {
    "format": "CDDG",
    "year": "2012",
    "revenue": 0.22867348869881565
  },
  {
    "format": "CDDG",
    "year": "2013",
    "revenue": 0.29136795255742004
  },
  {
    "format": "CDDG",
    "year": "2014",
    "revenue": 0.26962146233357737
  },
  {
    "format": "CDDG",
    "year": "2015",
    "revenue": 0.21754566104903647
  },
  {
    "format": "CDDG",
    "year": "2016",
    "revenue": 0.19574172536871504
  },
  {
    "format": "CDDG",
    "year": "2017",
    "revenue": 0.2258161971061693
  },
  {
    "format": "CDDG",
    "year": "2018",
    "revenue": 0.2311643751883746
  },
  {
    "format": "CDDG",
    "year": "2019",
    "revenue": 0.1859362253258486
  },
  {
    "format": "CDDG",
    "year": "2020",
    "revenue": 0.1996812783525845
  },
  {
    "format": "CDDG",
    "year": "2021",
    "revenue": 0.15995495329903964
  },
  {
    "format": "CDDG",
    "year": "2022",
    "revenue": 0.15039953404133888
  },
  {
    "format": "CDDG",
    "year": "2023",
    "revenue": 0.13019482425578527
  },
  {
    "format": "CDDG",
    "year": "2024",
    "revenue": 0.16315645113540436
  },
  {
    "format": "BDNI",
    "year": "2005",
    "revenue": 0.2930153631341749
  },
  {
    "format": "BDNI",
    "year": "2006",
    "revenue": 0.2232687613000725
  },
  {
    "format": "BDNI",
    "year": "2007",
    "revenue": 0.21416465777356308
  },
  {
    "format": "BDNI",
    "year": "2008",
    "revenue": 0.17950877669969845
  },
  {
    "format": "BDNI",
    "year": "2009",
    "revenue": 0.20478514137620688
  },
  {
    "format": "BDNI",
    "year": "2010",
    "revenue": 0.18711442744641163
  },
  {
    "format": "BDNI",
    "year": "2011",
    "revenue": 0.1256444655855702
  },
  {
    "format": "BDNI",
    "year": "2012",
    "revenue": 0.20341916311937666
  },
  {
    "format": "BDNI",
    "year": "2013",
    "revenue": 0.21237335869184984
  },
  {
    "format": "BDNI",
    "year": "2014",
    "revenue": 0.21963117778941765
  },
  {
    "format": "BDNI",
    "year": "2015",
    "revenue": 0.2298629507097653
  },
  {
    "format": "BDNI",
    "year": "2016",
    "revenue": 0.17441262132675886
  },
  {
    "format": "BDNI",
    "year": "2017",
    "revenue": 0.22066403993521383
  },
  {
    "format": "BDNI",
    "year": "2018",
    "revenue": 0.24988280026955934
  },
  {
    "format": "BDNI",
    "year": "2019",
    "revenue": 0.2360791117496808
  },
  {
    "format": "BDNI",
    "year": "2020",
    "revenue": 0.2005101943518433
  },
  {
    "format": "BDNI",
    "year": "2021",
    "revenue": 0.1602993853391965
  },
  {
    "format": "BDNI",
    "year": "2022",
    "revenue": 0.23573484727276187
  },
  {
    "format": "BDNI",
    "year": "2023",
    "revenue": 0.20012524858929248
  },
  {
    "format": "BDNI",
    "year": "2024",
    "revenue": 0.1767183654292044
  },
  {
    "format": "MIRG",
    "year": "2005",
    "revenue": 0.26558309803401364
  },
  {
    "format": "MIRG",
    "year": "2006",
    "revenue": 0.22498154374829388
  },
  {
    "format": "MIRG",
    "year": "2007",
    "revenue": 0.2546238510015462
  },
  {
    "format": "MIRG",
    "year": "2008",
    "revenue": 0.2484038987453708
  },
  {
    "format": "MIRG",
    "year": "2009",
    "revenue": 0.23555782672570416
  },
  {
    "format": "MIRG",
    "year": "2010",
    "revenue": 0.23252998224853466
  },
  {
    "format": "MIRG",
    "year": "2011",
    "revenue": 0.25251395954630435
  },
  {
    "format": "MIRG",
    "year": "2012",
    "revenue": 0.2494965704324692
  },
  {
    "format": "MIRG",
    "year": "2013",
    "revenue": 0.25200401239767284
  },
  {
    "format": "MIRG",
    "year": "2014",
    "revenue": 0.3202836289006349
  },
  {
    "format": "MIRG",
    "year": "2015",
    "revenue": 0.267891600853514
  },
  {
    "format": "MIRG",
    "year": "2016",
    "revenue": 0.24057712874023027
  },
  {
    "format": "MIRG",
    "year": "2017",
    "revenue": 0.2297023374474392
  },
  {
    "format": "MIRG",
    "year": "2018",
    "revenue": 0.2819687837361091
  },
  {
    "format": "MIRG",
    "year": "2019",
    "revenue": 0.22223988069848527
  },
  {
    "format": "MIRG",
    "year": "2020",
    "revenue": 0.19385335199452797
  },
  {
    "format": "MIRG",
    "year": "2021",
    "revenue": 0.2377335462176299
  },
  {
    "format": "MIRG",
    "year": "2022",
    "revenue": 0.22273261069030179
  },
  {
    "format": "MIRG",
    "year": "2023",
    "revenue": 0.21038865031474757
  },
  {
    "format": "MIRG",
    "year": "2024",
    "revenue": 0.19390175735013848
  },
  {
    "format": "CVHI",
    "year": "2005",
    "revenue": 0.2323185758890787
  },
  {
    "format": "CVHI",
    "year": "2006",
    "revenue": 0.2702246215777041
  },
  {
    "format": "CVHI",
    "year": "2007",
    "revenue": 0.24337462761266573
  },
  {
    "format": "CVHI",
    "year": "2008",
    "revenue": 0.2789995748129859
  },
  {
    "format": "CVHI",
    "year": "2009",
    "revenue": 0.1983460432372449
  },
  {
    "format": "CVHI",
    "year": "2010",
    "revenue": 0.21190205437881796
  },
  {
    "format": "CVHI",
    "year": "2011",
    "revenue": 0.18354177864727375
  },
  {
    "format": "CVHI",
    "year": "2012",
    "revenue": 0.17986271425360817
  },
  {
    "format": "CVHI",
    "year": "2013",
    "revenue": 0.14476240577118477
  },
  {
    "format": "CVHI",
    "year": "2014",
    "revenue": 0.19285162140971596
  },
  {
    "format": "CVHI",
    "year": "2015",
    "revenue": 0.17487663253975447
  },
  {
    "format": "CVHI",
    "year": "2016",
    "revenue": 0.17605974493960633
  },
  {
    "format": "CVHI",
    "year": "2017",
    "revenue": 0.19965539117531775
  },
  {
    "format": "CVHI",
    "year": "2018",
    "revenue": 0.11074870138387054
  },
  {
    "format": "CVHI",
    "year": "2019",
    "revenue": 0.1719992590039682
  },
  {
    "format": "CVHI",
    "year": "2020",
    "revenue": 0.12827267188597982
  },
  {
    "format": "CVHI",
    "year": "2021",
    "revenue": 0.1287254896238563
  },
  {
    "format": "CVHI",
    "year": "2022",
    "revenue": 0.16366096257451376
  },
  {
    "format": "CVHI",
    "year": "2023",
    "revenue": 0.13339485488169853
  },
  {
    "format": "CVHI",
    "year": "2024",
    "revenue": 0.10516469425290306
  },
  {
    "format": "MIRC",
    "year": "2005",
    "revenue": 0.17812555958825138
  },
  {
    "format": "MIRC",
    "year": "2006",
    "revenue": 0.16819922907618928
  },
  {
    "format": "MIRC",
    "year": "2007",
    "revenue": 0.21043306428062086
  },
  {
    "format": "MIRC",
    "year": "2008",
    "revenue": 0.13074146192243288
  },
  {
    "format": "MIRC",
    "year": "2009",
    "revenue": 0.2527659874408766
  },
  {
    "format": "MIRC",
    "year": "2010",
    "revenue": 0.18088420750304857
  },
  {
    "format": "MIRC",
    "year": "2011",
    "revenue": 0.2038534050166472
  },
  {
    "format": "MIRC",
    "year": "2012",
    "revenue": 0.18114106535345784
  },
  {
    "format": "MIRC",
    "year": "2013",
    "revenue": 0.1737537207121289
  },
  {
    "format": "MIRC",
    "year": "2014",
    "revenue": 0.2181245517928028
  },
  {
    "format": "MIRC",
    "year": "2015",
    "revenue": 0.20392226957071605
  },
  {
    "format": "MIRC",
    "year": "2016",
    "revenue": 0.20495602506142788
  },
  {
    "format": "MIRC",
    "year": "2017",
    "revenue": 0.2012275248589316
  },
  {
    "format": "MIRC",
    "year": "2018",
    "revenue": 0.16240144382637378
  },
  {
    "format": "MIRC",
    "year": "2019",
    "revenue": 0.17886416384417902
  },
  {
    "format": "MIRC",
    "year": "2020",
    "revenue": 0.1581661738453323
  },
  {
    "format": "MIRC",
    "year": "2021",
    "revenue": 0.19581329258873503
  },
  {
    "format": "MIRC",
    "year": "2022",
    "revenue": 0.21523628046902596
  },
  {
    "format": "MIRC",
    "year": "2023",
    "revenue": 0.2157989967046183
  },
  {
    "format": "MIRC",
    "year": "2024",
    "revenue": 0.22463489336651518
  },
  {
    "format": "SNCP",
    "year": "2005",
    "revenue": 0.2911391956726195
  },
  {
    "format": "SNCP",
    "year": "2006",
    "revenue": 0.27327453909841254
  },
  {
    "format": "SNCP",
    "year": "2007",
    "revenue": 0.2622964587209922
  },
  {
    "format": "SNCP",
    "year": "2008",
    "revenue": 0.15561715586265767
  },
  {
    "format": "SNCP",
    "year": "2009",
    "revenue": 0.283804261554081
  },
  {
    "format": "SNCP",
    "year": "2010",
    "revenue": 0.20122424818924656
  },
  {
    "format": "SNCP",
    "year": "2011",
    "revenue": 0.24838928677263775
  },
  {
    "format": "SNCP",
    "year": "2012",
    "revenue": 0.28939008357048157
  },
  {
    "format": "SNCP",
    "year": "2013",
    "revenue": 0.2954923017926416
  },
  {
    "format": "SNCP",
    "year": "2014",
    "revenue": 0.2577838917594075
  },
  {
    "format": "SNCP",
    "year": "2015",
    "revenue": 0.23153840570446127
  },
  {
    "format": "SNCP",
    "year": "2016",
    "revenue": 0.2932037345181924
  },
  {
    "format": "SNCP",
    "year": "2017",
    "revenue": 0.19150382365151272
  },
  {
    "format": "SNCP",
    "year": "2018",
    "revenue": 0.27765972463548727
  },
  {
    "format": "SNCP",
    "year": "2019",
    "revenue": 0.28612446197174346
  },
  {
    "format": "SNCP",
    "year": "2020",
    "revenue": 0.23311348176065905
  },
  {
    "format": "SNCP",
    "year": "2021",
    "revenue": 0.2602297118183134
  },
  {
    "format": "SNCP",
    "year": "2022",
    "revenue": 0.23184768610978618
  },
  {
    "format": "SNCP",
    "year": "2023",
    "revenue": 0.22183668511921922
  },
  {
    "format": "SNCP",
    "year": "2024",
    "revenue": 0.28343220806901914
  },
  {
    "format": "MISG",
    "year": "2005",
    "revenue": 0.2928961943303799
  },
  {
    "format": "MISG",
    "year": "2006",
    "revenue": 0.26722843741576724
  },
  {
    "format": "MISG",
    "year": "2007",
    "revenue": 0.2680911100428654
  },
  {
    "format": "MISG",
    "year": "2008",
    "revenue": 0.2980639848362536
  },
  {
    "format": "MISG",
    "year": "2009",
    "revenue": 0.2776567913103489
  },
  {
    "format": "MISG",
    "year": "2010",
    "revenue": 0.24759863254202255
  },
  {
    "format": "MISG",
    "year": "2011",
    "revenue": 0.2567600524986341
  },
  {
    "format": "MISG",
    "year": "2012",
    "revenue": 0.24175451835977038
  },
  {
    "format": "MISG",
    "year": "2013",
    "revenue": 0.19686009998586823
  },
  {
    "format": "MISG",
    "year": "2014",
    "revenue": 0.2191578664435335
  },
  {
    "format": "MISG",
    "year": "2015",
    "revenue": 0.2256805772486702
  },
  {
    "format": "MISG",
    "year": "2016",
    "revenue": 0.24210388223283466
  },
  {
    "format": "MISG",
    "year": "2017",
    "revenue": 0.18066214918613013
  },
  {
    "format": "MISG",
    "year": "2018",
    "revenue": 0.22975031418118916
  },
  {
    "format": "MISG",
    "year": "2019",
    "revenue": 0.19908967498272825
  },
  {
    "format": "MISG",
    "year": "2020",
    "revenue": 0.19195789421480164
  },
  {
    "format": "MISG",
    "year": "2021",
    "revenue": 0.1721562174760849
  },
  {
    "format": "MISG",
    "year": "2022",
    "revenue": 0.16835275284633455
  },
  {
    "format": "MISG",
    "year": "2023",
    "revenue": 0.1260559446720632
  },
  {
    "format": "MISG",
    "year": "2024",
    "revenue": 0.11804444271725929
  }
]