[
  {
    "format": "ALL",
    "year": "2005",
    "revenue": 0.1474769012082445
  },
  {
    "format": "ALL",
    "year": "2006",
    "revenue": 0.13240418118466898
  },
  {
    "format": "ALL",
    "year": "2007",
    "revenue": 0.14007936507936508
  },
  {
    "format": "ALL",
    "year": "2008",
    "revenue": 0.1315821038742953
  },
  {
    "format": "ALL",
    "year": "2009",
    "revenue": 0.13678597824939287
  },
  {
    "format": "ALL",
    "year": "2010",
    "revenue": 0.16908797417271992
  },
  {
    "format": "ALL",
    "year": "2011",
    "revenue": 0.13448275862068965
  },
  {
    "format": "ALL",
    "year": "2012",
    "revenue": 0.12660557644110276
  },
  {
    "format": "ALL",
    "year": "2013",
    "revenue": 0.12963560141889713
  },
  {
    "format": "ALL",
    "year": "2014",
    "revenue": 0.1295196415546525
  },
  {
    "format": "ALL",
    "year": "2015",
    "revenue": 0.11487992077246843
  },
  {
    "format": "ALL",
    "year": "2016",
    "revenue": 0.15065842850901828
  },
  {
    "format": "ALL",
    "year": "2017",
    "revenue": 0.17395946928389677
  },
  {
    "format": "ALL",
    "year": "2018",
    "revenue": 0.1319163763066202
  },
  {
    "format": "ALL",
    "year": "2019",
    "revenue": 0.1928931089051935
  },
  {
    "format": "ALL",
    "year": "2020",
    "revenue": 0.2652639180672269
  },
  {
    "format": "ALL",
    "year": "2021",
    "revenue": 0.21843873652612908
  },
  {
    "format": "ALL",
    "year": "2022",
    "revenue": 0.22078861939912744
  },
  {
    "format": "ALL",
    "year": "2023",
    "revenue": 0.18259498921519826
  },
  {
    "format": "ALL",
    "year": "2024",
    "revenue": 0.11890598936203695
  }
]