[
    {
        "format": "ALL",
        "year": "2005",
        "revenue": 0.2344118050014243
    },
    {
        "format": "ALL",
        "year": "2006",
        "revenue": 0.21341099584604226
    },
    {
        "format": "ALL",
        "year": "2007",
        "revenue": 0.19315998407938353
    },
    {
        "format": "ALL",
        "year": "2008",
        "revenue": 0.187818761986713
    },
    {
        "format": "ALL",
        "year": "2009",
        "revenue": 0.20614764195678534
    },
    {
        "format": "ALL",
        "year": "2010",
        "revenue": 0.19809839395370518
    },
    {
        "format": "ALL",
        "year": "2011",
        "revenue": 0.19567808626035468
    },
    {
        "format": "ALL",
        "year": "2012",
        "revenue": 0.1863063420206483
    },
    {
        "format": "ALL",
        "year": "2013",
        "revenue": 0.18133722535314203
    },
    {
        "format": "ALL",
        "year": "2014",
        "revenue": 0.21672540500811416
    },
    {
        "format": "ALL",
        "year": "2015",
        "revenue": 0.20019614133501076
    },
    {
        "format": "ALL",
        "year": "2016",
        "revenue": 0.17836649109399516
    },
    {
        "format": "ALL",
        "year": "2017",
        "revenue": 0.19739320708326344
    },
    {
        "format": "ALL",
        "year": "2018",
        "revenue": 0.18236792286873318
    },
    {
        "format": "ALL",
        "year": "2019",
        "revenue": 0.16667431148415374
    },
    {
        "format": "ALL",
        "year": "2020",
        "revenue": 0.15003225835981907
    },
    {
        "format": "ALL",
        "year": "2021",
        "revenue": 0.13793256860248063
    },
    {
        "format": "ALL",
        "year": "2022",
        "revenue": 0.163066426899144
    },
    {
        "format": "ALL",
        "year": "2023",
        "revenue": 0.1357763332205525
    },
    {
        "format": "ALL",
        "year": "2024",
        "revenue": 0.1442550845663258
    }
]