{
  "ref_to_citing": {
    "2005-2012": [
      {
        "source": 1,
        "target": 6,
        "cites": 28
      },
      {
        "source": 2,
        "target": 2,
        "cites": 1265
      },
      {
        "source": 3,
        "target": 1,
        "cites": 21
      },
      {
        "source": 2,
        "target": 1,
        "cites": 198
      },
      {
        "source": 1,
        "target": 1,
        "cites": 759
      },
      {
        "source": 6,
        "target": 2,
        "cites": 129
      },
      {
        "source": 3,
        "target": 3,
        "cites": 1388
      },
      {
        "source": 2,
        "target": 5,
        "cites": 57
      },
      {
        "source": 4,
        "target": 4,
        "cites": 477
      },
      {
        "source": 2,
        "target": 3,
        "cites": 189
      },
      {
        "source": 5,
        "target": 5,
        "cites": 262
      },
      {
        "source": 6,
        "target": 6,
        "cites": 439
      },
      {
        "source": 3,
        "target": 2,
        "cites": 150
      },
      {
        "source": 1,
        "target": 3,
        "cites": 24
      },
      {
        "source": 3,
        "target": 4,
        "cites": 24
      },
      {
        "source": 6,
        "target": 5,
        "cites": 18
      },
      {
        "source": 2,
        "target": 4,
        "cites": 41
      },
      {
        "source": 1,
        "target": 5,
        "cites": 11
      },
      {
        "source": 3,
        "target": 5,
        "cites": 37
      },
      {
        "source": 0,
        "target": 4,
        "cites": 13
      },
      {
        "source": 1,
        "target": 2,
        "cites": 130
      },
      {
        "source": 5,
        "target": 2,
        "cites": 46
      },
      {
        "source": 0,
        "target": 0,
        "cites": 151
      },
      {
        "source": 4,
        "target": 0,
        "cites": 4
      },
      {
        "source": 0,
        "target": 1,
        "cites": 4
      },
      {
        "source": 3,
        "target": 6,
        "cites": 66
      },
      {
        "source": 2,
        "target": 6,
        "cites": 149
      },
      {
        "source": 5,
        "target": 3,
        "cites": 25
      },
      {
        "source": 6,
        "target": 0,
        "cites": 19
      },
      {
        "source": 4,
        "target": 3,
        "cites": 35
      },
      {
        "source": 4,
        "target": 5,
        "cites": 4
      },
      {
        "source": 4,
        "target": 2,
        "cites": 51
      },
      {
        "source": 5,
        "target": 4,
        "cites": 5
      },
      {
        "source": 0,
        "target": 2,
        "cites": 12
      },
      {
        "source": 1,
        "target": 4,
        "cites": 29
      },
      {
        "source": 6,
        "target": 3,
        "cites": 63
      },
      {
        "source": 2,
        "target": 0,
        "cites": 17
      },
      {
        "source": 0,
        "target": 6,
        "cites": 22
      },
      {
        "source": 3,
        "target": 0,
        "cites": 9
      },
      {
        "source": 6,
        "target": 1,
        "cites": 6
      },
      {
        "source": 4,
        "target": 1,
        "cites": 28
      },
      {
        "source": 6,
        "target": 4,
        "cites": 17
      },
      {
        "source": 4,
        "target": 6,
        "cites": 16
      },
      {
        "source": 1,
        "target": 0,
        "cites": 2
      },
      {
        "source": 0,
        "target": 3,
        "cites": 17
      },
      {
        "source": 5,
        "target": 6,
        "cites": 7
      },
      {
        "source": 0,
        "target": 5,
        "cites": 3
      }
    ],
    "2013-2019": [
      {
        "source": 5,
        "target": 5,
        "cites": 232
      },
      {
        "source": 4,
        "target": 4,
        "cites": 946
      },
      {
        "source": 3,
        "target": 2,
        "cites": 115
      },
      {
        "source": 2,
        "target": 2,
        "cites": 947
      },
      {
        "source": 3,
        "target": 3,
        "cites": 1273
      },
      {
        "source": 2,
        "target": 1,
        "cites": 69
      },
      {
        "source": 1,
        "target": 1,
        "cites": 642
      },
      {
        "source": 6,
        "target": 6,
        "cites": 1223
      },
      {
        "source": 6,
        "target": 0,
        "cites": 220
      },
      {
        "source": 0,
        "target": 0,
        "cites": 554
      },
      {
        "source": 3,
        "target": 1,
        "cites": 26
      },
      {
        "source": 1,
        "target": 6,
        "cites": 61
      },
      {
        "source": 2,
        "target": 4,
        "cites": 53
      },
      {
        "source": 4,
        "target": 2,
        "cites": 69
      },
      {
        "source": 1,
        "target": 2,
        "cites": 55
      },
      {
        "source": 6,
        "target": 3,
        "cites": 256
      },
      {
        "source": 2,
        "target": 3,
        "cites": 145
      },
      {
        "source": 6,
        "target": 2,
        "cites": 248
      },
      {
        "source": 0,
        "target": 3,
        "cites": 34
      },
      {
        "source": 0,
        "target": 6,
        "cites": 204
      },
      {
        "source": 2,
        "target": 6,
        "cites": 208
      },
      {
        "source": 4,
        "target": 6,
        "cites": 73
      },
      {
        "source": 3,
        "target": 6,
        "cites": 184
      },
      {
        "source": 6,
        "target": 1,
        "cites": 86
      },
      {
        "source": 2,
        "target": 5,
        "cites": 16
      },
      {
        "source": 5,
        "target": 6,
        "cites": 26
      },
      {
        "source": 4,
        "target": 1,
        "cites": 48
      },
      {
        "source": 0,
        "target": 1,
        "cites": 12
      },
      {
        "source": 6,
        "target": 4,
        "cites": 96
      },
      {
        "source": 1,
        "target": 4,
        "cites": 57
      },
      {
        "source": 2,
        "target": 0,
        "cites": 33
      },
      {
        "source": 0,
        "target": 5,
        "cites": 13
      },
      {
        "source": 5,
        "target": 4,
        "cites": 4
      },
      {
        "source": 1,
        "target": 0,
        "cites": 23
      },
      {
        "source": 5,
        "target": 3,
        "cites": 16
      },
      {
        "source": 4,
        "target": 0,
        "cites": 21
      },
      {
        "source": 1,
        "target": 3,
        "cites": 24
      },
      {
        "source": 1,
        "target": 5,
        "cites": 3
      },
      {
        "source": 3,
        "target": 0,
        "cites": 29
      },
      {
        "source": 0,
        "target": 2,
        "cites": 32
      },
      {
        "source": 3,
        "target": 4,
        "cites": 48
      },
      {
        "source": 6,
        "target": 5,
        "cites": 31
      },
      {
        "source": 4,
        "target": 3,
        "cites": 61
      },
      {
        "source": 5,
        "target": 2,
        "cites": 24
      },
      {
        "source": 3,
        "target": 5,
        "cites": 10
      },
      {
        "source": 0,
        "target": 4,
        "cites": 18
      },
      {
        "source": 5,
        "target": 0,
        "cites": 6
      },
      {
        "source": 4,
        "target": 5,
        "cites": 8
      },
      {
        "source": 5,
        "target": 1,
        "cites": 1
      }
    ],
    "2020-2024": [
      {
        "source": 0,
        "target": 6,
        "cites": 334
      },
      {
        "source": 6,
        "target": 6,
        "cites": 2764
      },
      {
        "source": 3,
        "target": 6,
        "cites": 307
      },
      {
        "source": 6,
        "target": 3,
        "cites": 307
      },
      {
        "source": 6,
        "target": 2,
        "cites": 159
      },
      {
        "source": 4,
        "target": 4,
        "cites": 1081
      },
      {
        "source": 6,
        "target": 0,
        "cites": 461
      },
      {
        "source": 3,
        "target": 3,
        "cites": 768
      },
      {
        "source": 4,
        "target": 6,
        "cites": 133
      },
      {
        "source": 1,
        "target": 1,
        "cites": 714
      },
      {
        "source": 1,
        "target": 2,
        "cites": 21
      },
      {
        "source": 3,
        "target": 4,
        "cites": 66
      },
      {
        "source": 6,
        "target": 4,
        "cites": 186
      },
      {
        "source": 1,
        "target": 4,
        "cites": 60
      },
      {
        "source": 5,
        "target": 5,
        "cites": 507
      },
      {
        "source": 2,
        "target": 2,
        "cites": 399
      },
      {
        "source": 3,
        "target": 2,
        "cites": 46
      },
      {
        "source": 4,
        "target": 2,
        "cites": 39
      },
      {
        "source": 0,
        "target": 0,
        "cites": 1156
      },
      {
        "source": 2,
        "target": 1,
        "cites": 28
      },
      {
        "source": 6,
        "target": 5,
        "cites": 106
      },
      {
        "source": 1,
        "target": 3,
        "cites": 20
      },
      {
        "source": 0,
        "target": 3,
        "cites": 58
      },
      {
        "source": 1,
        "target": 6,
        "cites": 83
      },
      {
        "source": 5,
        "target": 0,
        "cites": 22
      },
      {
        "source": 3,
        "target": 0,
        "cites": 82
      },
      {
        "source": 2,
        "target": 0,
        "cites": 24
      },
      {
        "source": 2,
        "target": 6,
        "cites": 100
      },
      {
        "source": 5,
        "target": 6,
        "cites": 72
      },
      {
        "source": 3,
        "target": 5,
        "cites": 16
      },
      {
        "source": 6,
        "target": 1,
        "cites": 100
      },
      {
        "source": 2,
        "target": 5,
        "cites": 16
      },
      {
        "source": 2,
        "target": 3,
        "cites": 47
      },
      {
        "source": 5,
        "target": 4,
        "cites": 6
      },
      {
        "source": 3,
        "target": 1,
        "cites": 14
      },
      {
        "source": 0,
        "target": 2,
        "cites": 25
      },
      {
        "source": 0,
        "target": 1,
        "cites": 27
      },
      {
        "source": 0,
        "target": 4,
        "cites": 43
      },
      {
        "source": 4,
        "target": 1,
        "cites": 43
      },
      {
        "source": 4,
        "target": 3,
        "cites": 77
      },
      {
        "source": 5,
        "target": 3,
        "cites": 23
      },
      {
        "source": 4,
        "target": 0,
        "cites": 52
      },
      {
        "source": 2,
        "target": 4,
        "cites": 25
      },
      {
        "source": 5,
        "target": 2,
        "cites": 12
      },
      {
        "source": 0,
        "target": 5,
        "cites": 24
      },
      {
        "source": 1,
        "target": 5,
        "cites": 5
      },
      {
        "source": 4,
        "target": 5,
        "cites": 12
      },
      {
        "source": 1,
        "target": 0,
        "cites": 17
      },
      {
        "source": 5,
        "target": 1,
        "cites": 3
      }
    ],
    "2005-2024": [
      {
        "source": 1,
        "target": 6,
        "cites": 322
      },
      {
        "source": 2,
        "target": 2,
        "cites": 5515
      },
      {
        "source": 3,
        "target": 1,
        "cites": 123
      },
      {
        "source": 2,
        "target": 1,
        "cites": 649
      },
      {
        "source": 1,
        "target": 1,
        "cites": 3926
      },
      {
        "source": 6,
        "target": 2,
        "cites": 1145
      },
      {
        "source": 3,
        "target": 3,
        "cites": 6966
      },
      {
        "source": 2,
        "target": 5,
        "cites": 187
      },
      {
        "source": 4,
        "target": 4,
        "cites": 5995
      },
      {
        "source": 2,
        "target": 3,
        "cites": 873
      },
      {
        "source": 5,
        "target": 5,
        "cites": 1837
      },
      {
        "source": 6,
        "target": 6,
        "cites": 8304
      },
      {
        "source": 3,
        "target": 2,
        "cites": 652
      },
      {
        "source": 1,
        "target": 3,
        "cites": 172
      },
      {
        "source": 3,
        "target": 4,
        "cites": 315
      },
      {
        "source": 6,
        "target": 5,
        "cites": 296
      },
      {
        "source": 2,
        "target": 4,
        "cites": 412
      },
      {
        "source": 1,
        "target": 5,
        "cites": 21
      },
      {
        "source": 3,
        "target": 5,
        "cites": 113
      },
      {
        "source": 0,
        "target": 4,
        "cites": 119
      },
      {
        "source": 1,
        "target": 2,
        "cites": 477
      },
      {
        "source": 5,
        "target": 2,
        "cites": 124
      },
      {
        "source": 0,
        "target": 0,
        "cites": 3586
      },
      {
        "source": 4,
        "target": 0,
        "cites": 162
      },
      {
        "source": 0,
        "target": 1,
        "cites": 78
      },
      {
        "source": 3,
        "target": 6,
        "cites": 1319
      },
      {
        "source": 2,
        "target": 6,
        "cites": 1113
      },
      {
        "source": 5,
        "target": 3,
        "cites": 118
      },
      {
        "source": 6,
        "target": 0,
        "cites": 1415
      },
      {
        "source": 4,
        "target": 3,
        "cites": 411
      },
      {
        "source": 4,
        "target": 5,
        "cites": 42
      },
      {
        "source": 4,
        "target": 2,
        "cites": 277
      },
      {
        "source": 5,
        "target": 4,
        "cites": 27
      },
      {
        "source": 0,
        "target": 2,
        "cites": 133
      },
      {
        "source": 1,
        "target": 4,
        "cites": 325
      },
      {
        "source": 6,
        "target": 3,
        "cites": 1228
      },
      {
        "source": 2,
        "target": 0,
        "cites": 154
      },
      {
        "source": 0,
        "target": 6,
        "cites": 1036
      },
      {
        "source": 3,
        "target": 0,
        "cites": 258
      },
      {
        "source": 6,
        "target": 1,
        "cites": 361
      },
      {
        "source": 4,
        "target": 1,
        "cites": 338
      },
      {
        "source": 6,
        "target": 4,
        "cites": 684
      },
      {
        "source": 4,
        "target": 6,
        "cites": 447
      },
      {
        "source": 1,
        "target": 0,
        "cites": 72
      },
      {
        "source": 0,
        "target": 3,
        "cites": 170
      },
      {
        "source": 5,
        "target": 6,
        "cites": 176
      },
      {
        "source": 5,
        "target": 1,
        "cites": 10
      },
      {
        "source": 0,
        "target": 5,
        "cites": 65
      },
      {
        "source": 5,
        "target": 0,
        "cites": 40
      }
    ]
  },
  "citing_to_cited": {
    "2005-2012": [],
    "2013-2019": [],
    "2020-2024": [],
    "2005-2024": []
  }
}