[
  {
    "source": "https://openalex.org/W3203480968",
    "target": "https://openalex.org/W2288892845"
  },
  {
    "source": "https://openalex.org/W3209646389",
    "target": "https://openalex.org/W2564782580"
  },
  {
    "source": "https://openalex.org/W4312568229",
    "target": "https://openalex.org/W3103010481"
  },
  {
    "source": "https://openalex.org/W3103586216",
    "target": "https://openalex.org/W2584483805"
  },
  {
    "source": "https://openalex.org/W1641498739",
    "target": "https://openalex.org/W2107871626"
  },
  {
    "source": "https://openalex.org/W4396783545",
    "target": "https://openalex.org/W3204166336"
  },
  {
    "source": "https://openalex.org/W4392883923",
    "target": "https://openalex.org/W2974825848"
  },
  {
    "source": "https://openalex.org/W2115167851",
    "target": "https://openalex.org/W1970928383"
  },
  {
    "source": "https://openalex.org/W1667869507",
    "target": "https://openalex.org/W2046142779"
  },
  {
    "source": "https://openalex.org/W2037776979",
    "target": "https://openalex.org/W2116628223"
  },
  {
    "source": "https://openalex.org/W2996290406",
    "target": "https://openalex.org/W2253429366"
  },
  {
    "source": "https://openalex.org/W4318566866",
    "target": "https://openalex.org/W3090605478"
  },
  {
    "source": "https://openalex.org/W2046142779",
    "target": "https://openalex.org/W2116895317"
  },
  {
    "source": "https://openalex.org/W2253429366",
    "target": "https://openalex.org/W1641498739"
  },
  {
    "source": "https://openalex.org/W2962734274",
    "target": "https://openalex.org/W2594014149"
  },
  {
    "source": "https://openalex.org/W2743780012",
    "target": "https://openalex.org/W2094366314"
  },
  {
    "source": "https://openalex.org/W3139379779",
    "target": "https://openalex.org/W3108656121"
  },
  {
    "source": "https://openalex.org/W2116628223",
    "target": "https://openalex.org/W1982761740"
  },
  {
    "source": "https://openalex.org/W1995023030",
    "target": "https://openalex.org/W2107871626"
  },
  {
    "source": "https://openalex.org/W4318566866",
    "target": "https://openalex.org/W66427752"
  },
  {
    "source": "https://openalex.org/W4362603432",
    "target": "https://openalex.org/W2888358068"
  },
  {
    "source": "https://openalex.org/W4296671877",
    "target": "https://openalex.org/W1983592655"
  },
  {
    "source": "https://openalex.org/W3103010481",
    "target": "https://openalex.org/W2081178133"
  },
  {
    "source": "https://openalex.org/W2564782580",
    "target": "https://openalex.org/W2322371438"
  },
  {
    "source": "https://openalex.org/W4200066891",
    "target": "https://openalex.org/W3090605478"
  },
  {
    "source": "https://openalex.org/W3023282579",
    "target": "https://openalex.org/W3027763298"
  },
  {
    "source": "https://openalex.org/W4226133625",
    "target": "https://openalex.org/W3100730608"
  },
  {
    "source": "https://openalex.org/W1641498739",
    "target": "https://openalex.org/W2153431772"
  },
  {
    "source": "https://openalex.org/W4391594064",
    "target": "https://openalex.org/W2996290406"
  },
  {
    "source": "https://openalex.org/W2037776979",
    "target": "https://openalex.org/W2168005337"
  },
  {
    "source": "https://openalex.org/W3217644914",
    "target": "https://openalex.org/W3083699157"
  },
  {
    "source": "https://openalex.org/W2964227007",
    "target": "https://openalex.org/W2301358467"
  },
  {
    "source": "https://openalex.org/W4362603432",
    "target": "https://openalex.org/W2890139949"
  },
  {
    "source": "https://openalex.org/W2963730812",
    "target": "https://openalex.org/W2116895317"
  },
  {
    "source": "https://openalex.org/W2791621240",
    "target": "https://openalex.org/W2168668658"
  },
  {
    "source": "https://openalex.org/W2115167851",
    "target": "https://openalex.org/W1526085390"
  },
  {
    "source": "https://openalex.org/W4318566866",
    "target": "https://openalex.org/W4226199676"
  },
  {
    "source": "https://openalex.org/W2962731543",
    "target": "https://openalex.org/W2117340355"
  },
  {
    "source": "https://openalex.org/W3089090082",
    "target": "https://openalex.org/W2969278648"
  },
  {
    "source": "https://openalex.org/W2470965540",
    "target": "https://openalex.org/W2132031490"
  },
  {
    "source": "https://openalex.org/W4309566365",
    "target": "https://openalex.org/W3090974769"
  },
  {
    "source": "https://openalex.org/W3164581645",
    "target": "https://openalex.org/W3033272814"
  },
  {
    "source": "https://openalex.org/W4282976788",
    "target": "https://openalex.org/W2883105305"
  },
  {
    "source": "https://openalex.org/W2971013993",
    "target": "https://openalex.org/W2763160469"
  },
  {
    "source": "https://openalex.org/W317170363",
    "target": "https://openalex.org/W22040386"
  },
  {
    "source": "https://openalex.org/W3023282579",
    "target": "https://openalex.org/W2564782580"
  },
  {
    "source": "https://openalex.org/W4382372079",
    "target": "https://openalex.org/W1641498739"
  },
  {
    "source": "https://openalex.org/W3083699157",
    "target": "https://openalex.org/W2885343725"
  },
  {
    "source": "https://openalex.org/W3027763298",
    "target": "https://openalex.org/W3103010481"
  },
  {
    "source": "https://openalex.org/W1980114101",
    "target": "https://openalex.org/W2158466399"
  },
  {
    "source": "https://openalex.org/W3022315685",
    "target": "https://openalex.org/W2117340355"
  },
  {
    "source": "https://openalex.org/W4225724954",
    "target": "https://openalex.org/W66427752"
  },
  {
    "source": "https://openalex.org/W3164581645",
    "target": "https://openalex.org/W2888358068"
  },
  {
    "source": "https://openalex.org/W3209646389",
    "target": "https://openalex.org/W2607363228"
  },
  {
    "source": "https://openalex.org/W3204614423",
    "target": "https://openalex.org/W1901129140"
  },
  {
    "source": "https://openalex.org/W3118868805",
    "target": "https://openalex.org/W2914570111"
  },
  {
    "source": "https://openalex.org/W2979448322",
    "target": "https://openalex.org/W2107871626"
  },
  {
    "source": "https://openalex.org/W2037776979",
    "target": "https://openalex.org/W2109037308"
  },
  {
    "source": "https://openalex.org/W4391594064",
    "target": "https://openalex.org/W2804047627"
  },
  {
    "source": "https://openalex.org/W2116628223",
    "target": "https://openalex.org/W2163344010"
  },
  {
    "source": "https://openalex.org/W2037776979",
    "target": "https://openalex.org/W2163344010"
  },
  {
    "source": "https://openalex.org/W4390707065",
    "target": "https://openalex.org/W3176466780"
  },
  {
    "source": "https://openalex.org/W3164581645",
    "target": "https://openalex.org/W2890139949"
  },
  {
    "source": "https://openalex.org/W2986785750",
    "target": "https://openalex.org/W2310992461"
  },
  {
    "source": "https://openalex.org/W3122431193",
    "target": "https://openalex.org/W2979448322"
  },
  {
    "source": "https://openalex.org/W2971013993",
    "target": "https://openalex.org/W2620296437"
  },
  {
    "source": "https://openalex.org/W4226497331",
    "target": "https://openalex.org/W2996290406"
  },
  {
    "source": "https://openalex.org/W2094366314",
    "target": "https://openalex.org/W2168668658"
  },
  {
    "source": "https://openalex.org/W2743780012",
    "target": "https://openalex.org/W4296142362"
  },
  {
    "source": "https://openalex.org/W2897755679",
    "target": "https://openalex.org/W1915761309"
  },
  {
    "source": "https://openalex.org/W3027763298",
    "target": "https://openalex.org/W3101507774"
  },
  {
    "source": "https://openalex.org/W4306914348",
    "target": "https://openalex.org/W1970928383"
  },
  {
    "source": "https://openalex.org/W3216717225",
    "target": "https://openalex.org/W2607363228"
  },
  {
    "source": "https://openalex.org/W2979448322",
    "target": "https://openalex.org/W2592929672"
  },
  {
    "source": "https://openalex.org/W1983592655",
    "target": "https://openalex.org/W2126393454"
  },
  {
    "source": "https://openalex.org/W3164581645",
    "target": "https://openalex.org/W2346062110"
  },
  {
    "source": "https://openalex.org/W2981994674",
    "target": "https://openalex.org/W2592905743"
  },
  {
    "source": "https://openalex.org/W3164581645",
    "target": "https://openalex.org/W3104164805"
  },
  {
    "source": "https://openalex.org/W2910094941",
    "target": "https://openalex.org/W2592929672"
  },
  {
    "source": "https://openalex.org/W4226133625",
    "target": "https://openalex.org/W2791621240"
  },
  {
    "source": "https://openalex.org/W2327793514",
    "target": "https://openalex.org/W2116628223"
  },
  {
    "source": "https://openalex.org/W3090605478",
    "target": "https://openalex.org/W2964227007"
  },
  {
    "source": "https://openalex.org/W2971013993",
    "target": "https://openalex.org/W1641498739"
  },
  {
    "source": "https://openalex.org/W3090974769",
    "target": "https://openalex.org/W2964227007"
  },
  {
    "source": "https://openalex.org/W1667869507",
    "target": "https://openalex.org/W2115167851"
  },
  {
    "source": "https://openalex.org/W2109037308",
    "target": "https://openalex.org/W2170092083"
  },
  {
    "source": "https://openalex.org/W2592929672",
    "target": "https://openalex.org/W2301358467"
  },
  {
    "source": "https://openalex.org/W2145661921",
    "target": "https://openalex.org/W2133287637"
  },
  {
    "source": "https://openalex.org/W4318566866",
    "target": "https://openalex.org/W3104164805"
  },
  {
    "source": "https://openalex.org/W2592929672",
    "target": "https://openalex.org/W2253429366"
  },
  {
    "source": "https://openalex.org/W4306914348",
    "target": "https://openalex.org/W3104164805"
  },
  {
    "source": "https://openalex.org/W3022315685",
    "target": "https://openalex.org/W1970928383"
  },
  {
    "source": "https://openalex.org/W2108824200",
    "target": "https://openalex.org/W2116628223"
  },
  {
    "source": "https://openalex.org/W2891590469",
    "target": "https://openalex.org/W2115167851"
  },
  {
    "source": "https://openalex.org/W4308637617",
    "target": "https://openalex.org/W1641498739"
  },
  {
    "source": "https://openalex.org/W3101507774",
    "target": "https://openalex.org/W2081178133"
  },
  {
    "source": "https://openalex.org/W4318566866",
    "target": "https://openalex.org/W4362603432"
  },
  {
    "source": "https://openalex.org/W1983592655",
    "target": "https://openalex.org/W2142592339"
  },
  {
    "source": "https://openalex.org/W4296671877",
    "target": "https://openalex.org/W1641498739"
  },
  {
    "source": "https://openalex.org/W2011710850",
    "target": "https://openalex.org/W2167577940"
  },
  {
    "source": "https://openalex.org/W2974825848",
    "target": "https://openalex.org/W2470965540"
  },
  {
    "source": "https://openalex.org/W2109037308",
    "target": "https://openalex.org/W2051578148"
  },
  {
    "source": "https://openalex.org/W1667869507",
    "target": "https://openalex.org/W2133287637"
  },
  {
    "source": "https://openalex.org/W1995023030",
    "target": "https://openalex.org/W1982761740"
  },
  {
    "source": "https://openalex.org/W4307847583",
    "target": "https://openalex.org/W3199008037"
  },
  {
    "source": "https://openalex.org/W4385481295",
    "target": "https://openalex.org/W2910094941"
  },
  {
    "source": "https://openalex.org/W3100730608",
    "target": "https://openalex.org/W2584483805"
  },
  {
    "source": "https://openalex.org/W3139379779",
    "target": "https://openalex.org/W2592929672"
  },
  {
    "source": "https://openalex.org/W3103010481",
    "target": "https://openalex.org/W2301358467"
  },
  {
    "source": "https://openalex.org/W4362603432",
    "target": "https://openalex.org/W2592929672"
  },
  {
    "source": "https://openalex.org/W3027763298",
    "target": "https://openalex.org/W2122692815"
  },
  {
    "source": "https://openalex.org/W1983592655",
    "target": "https://openalex.org/W1970928383"
  },
  {
    "source": "https://openalex.org/W1641498739",
    "target": "https://openalex.org/W2098056602"
  },
  {
    "source": "https://openalex.org/W4308637617",
    "target": "https://openalex.org/W3100730608"
  },
  {
    "source": "https://openalex.org/W4309915768",
    "target": "https://openalex.org/W2132031490"
  },
  {
    "source": "https://openalex.org/W2587828787",
    "target": "https://openalex.org/W1641498739"
  },
  {
    "source": "https://openalex.org/W3176466780",
    "target": "https://openalex.org/W2592929672"
  },
  {
    "source": "https://openalex.org/W2115167851",
    "target": "https://openalex.org/W2158466399"
  },
  {
    "source": "https://openalex.org/W2910094941",
    "target": "https://openalex.org/W3002569343"
  },
  {
    "source": "https://openalex.org/W3203841574",
    "target": "https://openalex.org/W1901129140"
  },
  {
    "source": "https://openalex.org/W2051578148",
    "target": "https://openalex.org/W2116628223"
  },
  {
    "source": "https://openalex.org/W2914959431",
    "target": "https://openalex.org/W2564782580"
  },
  {
    "source": "https://openalex.org/W4312568229",
    "target": "https://openalex.org/W3204255739"
  },
  {
    "source": "https://openalex.org/W4309022712",
    "target": "https://openalex.org/W2592929672"
  },
  {
    "source": "https://openalex.org/W2763160469",
    "target": "https://openalex.org/W2346062110"
  },
  {
    "source": "https://openalex.org/W3094059395",
    "target": "https://openalex.org/W2327793514"
  },
  {
    "source": "https://openalex.org/W2133287637",
    "target": "https://openalex.org/W2118961645"
  },
  {
    "source": "https://openalex.org/W2070712157",
    "target": "https://openalex.org/W2156739854"
  },
  {
    "source": "https://openalex.org/W3203841574",
    "target": "https://openalex.org/W2464708700"
  },
  {
    "source": "https://openalex.org/W3094059395",
    "target": "https://openalex.org/W2171459511"
  },
  {
    "source": "https://openalex.org/W2587828787",
    "target": "https://openalex.org/W2310992461"
  },
  {
    "source": "https://openalex.org/W4391594064",
    "target": "https://openalex.org/W3203841574"
  },
  {
    "source": "https://openalex.org/W3106904274",
    "target": "https://openalex.org/W2971561076"
  },
  {
    "source": "https://openalex.org/W3089090082",
    "target": "https://openalex.org/W2974825848"
  },
  {
    "source": "https://openalex.org/W4306914348",
    "target": "https://openalex.org/W2791680898"
  },
  {
    "source": "https://openalex.org/W2981994674",
    "target": "https://openalex.org/W2969278648"
  },
  {
    "source": "https://openalex.org/W4396783545",
    "target": "https://openalex.org/W3203480968"
  },
  {
    "source": "https://openalex.org/W3204166336",
    "target": "https://openalex.org/W2996290406"
  },
  {
    "source": "https://openalex.org/W3136424010",
    "target": "https://openalex.org/W1641498739"
  },
  {
    "source": "https://openalex.org/W2327793514",
    "target": "https://openalex.org/W2109037308"
  },
  {
    "source": "https://openalex.org/W2584483805",
    "target": "https://openalex.org/W2248620004"
  },
  {
    "source": "https://openalex.org/W3164581645",
    "target": "https://openalex.org/W2891590469"
  },
  {
    "source": "https://openalex.org/W2345010043",
    "target": "https://openalex.org/W2312404985"
  },
  {
    "source": "https://openalex.org/W4382372079",
    "target": "https://openalex.org/W4226133625"
  },
  {
    "source": "https://openalex.org/W1983592655",
    "target": "https://openalex.org/W2073660032"
  },
  {
    "source": "https://openalex.org/W3002569343",
    "target": "https://openalex.org/W2888358068"
  },
  {
    "source": "https://openalex.org/W2327793514",
    "target": "https://openalex.org/W2163344010"
  },
  {
    "source": "https://openalex.org/W2109037308",
    "target": "https://openalex.org/W2119399382"
  },
  {
    "source": "https://openalex.org/W2914959431",
    "target": "https://openalex.org/W2897755679"
  },
  {
    "source": "https://openalex.org/W2890139949",
    "target": "https://openalex.org/W2743780012"
  },
  {
    "source": "https://openalex.org/W3209367260",
    "target": "https://openalex.org/W2885824038"
  },
  {
    "source": "https://openalex.org/W3033272814",
    "target": "https://openalex.org/W3036586801"
  },
  {
    "source": "https://openalex.org/W2116628223",
    "target": "https://openalex.org/W2170092083"
  },
  {
    "source": "https://openalex.org/W3203480968",
    "target": "https://openalex.org/W2464708700"
  },
  {
    "source": "https://openalex.org/W3023282579",
    "target": "https://openalex.org/W1994062553"
  },
  {
    "source": "https://openalex.org/W3164581645",
    "target": "https://openalex.org/W2592929672"
  },
  {
    "source": "https://openalex.org/W3118868805",
    "target": "https://openalex.org/W2145661921"
  },
  {
    "source": "https://openalex.org/W2037776979",
    "target": "https://openalex.org/W2170092083"
  },
  {
    "source": "https://openalex.org/W4226133625",
    "target": "https://openalex.org/W2962734274"
  },
  {
    "source": "https://openalex.org/W4310330006",
    "target": "https://openalex.org/W2106033751"
  },
  {
    "source": "https://openalex.org/W4323924189",
    "target": "https://openalex.org/W2117340355"
  },
  {
    "source": "https://openalex.org/W4381332772",
    "target": "https://openalex.org/W2883105305"
  },
  {
    "source": "https://openalex.org/W2962731543",
    "target": "https://openalex.org/W2592929672"
  },
  {
    "source": "https://openalex.org/W3164581645",
    "target": "https://openalex.org/W2964317695"
  },
  {
    "source": "https://openalex.org/W4310330006",
    "target": "https://openalex.org/W1901129140"
  },
  {
    "source": "https://openalex.org/W3176466780",
    "target": "https://openalex.org/W4226133625"
  },
  {
    "source": "https://openalex.org/W4309566365",
    "target": "https://openalex.org/W2301358467"
  },
  {
    "source": "https://openalex.org/W3204614423",
    "target": "https://openalex.org/W4226199676"
  },
  {
    "source": "https://openalex.org/W2037776979",
    "target": "https://openalex.org/W2051578148"
  },
  {
    "source": "https://openalex.org/W2564782580",
    "target": "https://openalex.org/W2323929895"
  },
  {
    "source": "https://openalex.org/W4392883923",
    "target": "https://openalex.org/W2981994674"
  },
  {
    "source": "https://openalex.org/W4362603432",
    "target": "https://openalex.org/W2979448322"
  },
  {
    "source": "https://openalex.org/W4318566866",
    "target": "https://openalex.org/W2964317695"
  },
  {
    "source": "https://openalex.org/W3023402713",
    "target": "https://openalex.org/W2024798729"
  },
  {
    "source": "https://openalex.org/W2743780012",
    "target": "https://openalex.org/W2584483805"
  },
  {
    "source": "https://openalex.org/W2051578148",
    "target": "https://openalex.org/W2163344010"
  },
  {
    "source": "https://openalex.org/W2150903265",
    "target": "https://openalex.org/W2142592339"
  },
  {
    "source": "https://openalex.org/W3136424010",
    "target": "https://openalex.org/W2791680898"
  },
  {
    "source": "https://openalex.org/W3089090082",
    "target": "https://openalex.org/W2248620004"
  },
  {
    "source": "https://openalex.org/W2996290406",
    "target": "https://openalex.org/W2592929672"
  },
  {
    "source": "https://openalex.org/W2126393454",
    "target": "https://openalex.org/W2133287637"
  },
  {
    "source": "https://openalex.org/W2101608218",
    "target": "https://openalex.org/W2105947467"
  },
  {
    "source": "https://openalex.org/W2607363228",
    "target": "https://openalex.org/W2253429366"
  },
  {
    "source": "https://openalex.org/W2979448322",
    "target": "https://openalex.org/W3101507774"
  },
  {
    "source": "https://openalex.org/W3103010481",
    "target": "https://openalex.org/W3101507774"
  },
  {
    "source": "https://openalex.org/W4308637617",
    "target": "https://openalex.org/W4226133625"
  },
  {
    "source": "https://openalex.org/W3164581645",
    "target": "https://openalex.org/W2253429366"
  },
  {
    "source": "https://openalex.org/W2323929895",
    "target": "https://openalex.org/W2155662634"
  },
  {
    "source": "https://openalex.org/W2592929672",
    "target": "https://openalex.org/W2266464013"
  },
  {
    "source": "https://openalex.org/W3103010481",
    "target": "https://openalex.org/W2046142779"
  },
  {
    "source": "https://openalex.org/W3089090082",
    "target": "https://openalex.org/W2288892845"
  },
  {
    "source": "https://openalex.org/W2312404985",
    "target": "https://openalex.org/W22040386"
  },
  {
    "source": "https://openalex.org/W4392883923",
    "target": "https://openalex.org/W2312404985"
  },
  {
    "source": "https://openalex.org/W2962734274",
    "target": "https://openalex.org/W3103586216"
  },
  {
    "source": "https://openalex.org/W4390707065",
    "target": "https://openalex.org/W2464708700"
  },
  {
    "source": "https://openalex.org/W2971013993",
    "target": "https://openalex.org/W3036586801"
  },
  {
    "source": "https://openalex.org/W4226497331",
    "target": "https://openalex.org/W3104164805"
  },
  {
    "source": "https://openalex.org/W3204614423",
    "target": "https://openalex.org/W2888358068"
  },
  {
    "source": "https://openalex.org/W2054902886",
    "target": "https://openalex.org/W2126393454"
  },
  {
    "source": "https://openalex.org/W4306914348",
    "target": "https://openalex.org/W3002569343"
  },
  {
    "source": "https://openalex.org/W2587828787",
    "target": "https://openalex.org/W2322371438"
  },
  {
    "source": "https://openalex.org/W4306194578",
    "target": "https://openalex.org/W2888358068"
  },
  {
    "source": "https://openalex.org/W2592929672",
    "target": "https://openalex.org/W2493683088"
  },
  {
    "source": "https://openalex.org/W2791680898",
    "target": "https://openalex.org/W2104276184"
  },
  {
    "source": "https://openalex.org/W4226133625",
    "target": "https://openalex.org/W2778924750"
  },
  {
    "source": "https://openalex.org/W4381332772",
    "target": "https://openalex.org/W3103586216"
  },
  {
    "source": "https://openalex.org/W2743780012",
    "target": "https://openalex.org/W2617128058"
  },
  {
    "source": "https://openalex.org/W2964744899",
    "target": "https://openalex.org/W2301358467"
  },
  {
    "source": "https://openalex.org/W2584483805",
    "target": "https://openalex.org/W2094366314"
  },
  {
    "source": "https://openalex.org/W2885343725",
    "target": "https://openalex.org/W2592905743"
  },
  {
    "source": "https://openalex.org/W2156739854",
    "target": "https://openalex.org/W2167577940"
  },
  {
    "source": "https://openalex.org/W2110872054",
    "target": "https://openalex.org/W2104276184"
  },
  {
    "source": "https://openalex.org/W3164581645",
    "target": "https://openalex.org/W2914570111"
  },
  {
    "source": "https://openalex.org/W4362603432",
    "target": "https://openalex.org/W2592905743"
  },
  {
    "source": "https://openalex.org/W2301358467",
    "target": "https://openalex.org/W1641498739"
  },
  {
    "source": "https://openalex.org/W4200015473",
    "target": "https://openalex.org/W2888358068"
  },
  {
    "source": "https://openalex.org/W3203480968",
    "target": "https://openalex.org/W2964227007"
  },
  {
    "source": "https://openalex.org/W2592929672",
    "target": "https://openalex.org/W2564782580"
  },
  {
    "source": "https://openalex.org/W4392883923",
    "target": "https://openalex.org/W1901129140"
  },
  {
    "source": "https://openalex.org/W1641498739",
    "target": "https://openalex.org/W2128806031"
  },
  {
    "source": "https://openalex.org/W2885824038",
    "target": "https://openalex.org/W2346062110"
  },
  {
    "source": "https://openalex.org/W4318566866",
    "target": "https://openalex.org/W2979448322"
  },
  {
    "source": "https://openalex.org/W3100296314",
    "target": "https://openalex.org/W1901129140"
  },
  {
    "source": "https://openalex.org/W2106033751",
    "target": "https://openalex.org/W1980114101"
  },
  {
    "source": "https://openalex.org/W3106295246",
    "target": "https://openalex.org/W2743780012"
  },
  {
    "source": "https://openalex.org/W2620296437",
    "target": "https://openalex.org/W1901129140"
  },
  {
    "source": "https://openalex.org/W3164581645",
    "target": "https://openalex.org/W2584017349"
  },
  {
    "source": "https://openalex.org/W1966364402",
    "target": "https://openalex.org/W2168668658"
  },
  {
    "source": "https://openalex.org/W3089090082",
    "target": "https://openalex.org/W2470965540"
  },
  {
    "source": "https://openalex.org/W4382372079",
    "target": "https://openalex.org/W2743780012"
  },
  {
    "source": "https://openalex.org/W2126393454",
    "target": "https://openalex.org/W2118961645"
  },
  {
    "source": "https://openalex.org/W2977942577",
    "target": "https://openalex.org/W2888358068"
  },
  {
    "source": "https://openalex.org/W2102595307",
    "target": "https://openalex.org/W2116895317"
  },
  {
    "source": "https://openalex.org/W2914570111",
    "target": "https://openalex.org/W2493683088"
  },
  {
    "source": "https://openalex.org/W2763160469",
    "target": "https://openalex.org/W2301358467"
  },
  {
    "source": "https://openalex.org/W4391480223",
    "target": "https://openalex.org/W2104276184"
  },
  {
    "source": "https://openalex.org/W2971013993",
    "target": "https://openalex.org/W3101507774"
  },
  {
    "source": "https://openalex.org/W2592929672",
    "target": "https://openalex.org/W2310992461"
  },
  {
    "source": "https://openalex.org/W4318566866",
    "target": "https://openalex.org/W2885343725"
  },
  {
    "source": "https://openalex.org/W2977942577",
    "target": "https://openalex.org/W2890139949"
  },
  {
    "source": "https://openalex.org/W2592905743",
    "target": "https://openalex.org/W2312404985"
  },
  {
    "source": "https://openalex.org/W2890139949",
    "target": "https://openalex.org/W2963768110"
  },
  {
    "source": "https://openalex.org/W2592929672",
    "target": "https://openalex.org/W2323929895"
  },
  {
    "source": "https://openalex.org/W4312568229",
    "target": "https://openalex.org/W2109037308"
  },
  {
    "source": "https://openalex.org/W2327793514",
    "target": "https://openalex.org/W2051578148"
  },
  {
    "source": "https://openalex.org/W2594014149",
    "target": "https://openalex.org/W2156739854"
  },
  {
    "source": "https://openalex.org/W4306647851",
    "target": "https://openalex.org/W1901129140"
  },
  {
    "source": "https://openalex.org/W3127057363",
    "target": "https://openalex.org/W3027763298"
  },
  {
    "source": "https://openalex.org/W3089090082",
    "target": "https://openalex.org/W2132031490"
  },
  {
    "source": "https://openalex.org/W4226497331",
    "target": "https://openalex.org/W2891590469"
  },
  {
    "source": "https://openalex.org/W3103010481",
    "target": "https://openalex.org/W1641498739"
  },
  {
    "source": "https://openalex.org/W2791680898",
    "target": "https://openalex.org/W855272188"
  },
  {
    "source": "https://openalex.org/W3090605478",
    "target": "https://openalex.org/W2592929672"
  },
  {
    "source": "https://openalex.org/W2890139949",
    "target": "https://openalex.org/W2791621240"
  },
  {
    "source": "https://openalex.org/W2977942577",
    "target": "https://openalex.org/W2346062110"
  },
  {
    "source": "https://openalex.org/W2962734274",
    "target": "https://openalex.org/W2168668658"
  },
  {
    "source": "https://openalex.org/W2888358068",
    "target": "https://openalex.org/W2592929672"
  },
  {
    "source": "https://openalex.org/W2310992461",
    "target": "https://openalex.org/W1641498739"
  },
  {
    "source": "https://openalex.org/W3083699157",
    "target": "https://openalex.org/W2248620004"
  },
  {
    "source": "https://openalex.org/W3023282579",
    "target": "https://openalex.org/W2888358068"
  },
  {
    "source": "https://openalex.org/W3203480968",
    "target": "https://openalex.org/W2592905743"
  },
  {
    "source": "https://openalex.org/W2322371438",
    "target": "https://openalex.org/W1992122542"
  },
  {
    "source": "https://openalex.org/W2969278648",
    "target": "https://openalex.org/W2288892845"
  },
  {
    "source": "https://openalex.org/W4225724954",
    "target": "https://openalex.org/W3106295246"
  },
  {
    "source": "https://openalex.org/W3203841574",
    "target": "https://openalex.org/W2888358068"
  },
  {
    "source": "https://openalex.org/W3136424010",
    "target": "https://openalex.org/W2804047627"
  },
  {
    "source": "https://openalex.org/W2107871626",
    "target": "https://openalex.org/W1982761740"
  },
  {
    "source": "https://openalex.org/W2584483805",
    "target": "https://openalex.org/W4296142362"
  },
  {
    "source": "https://openalex.org/W4396783545",
    "target": "https://openalex.org/W1641498739"
  },
  {
    "source": "https://openalex.org/W2000585255",
    "target": "https://openalex.org/W2128806031"
  },
  {
    "source": "https://openalex.org/W3203841574",
    "target": "https://openalex.org/W3090974769"
  },
  {
    "source": "https://openalex.org/W4309022712",
    "target": "https://openalex.org/W2969278648"
  },
  {
    "source": "https://openalex.org/W4390707065",
    "target": "https://openalex.org/W2584483805"
  },
  {
    "source": "https://openalex.org/W3002569343",
    "target": "https://openalex.org/W2301358467"
  },
  {
    "source": "https://openalex.org/W4318566866",
    "target": "https://openalex.org/W3101507774"
  },
  {
    "source": "https://openalex.org/W3211983116",
    "target": "https://openalex.org/W3045460727"
  },
  {
    "source": "https://openalex.org/W2069816479",
    "target": "https://openalex.org/W1970928383"
  },
  {
    "source": "https://openalex.org/W2015897296",
    "target": "https://openalex.org/W2102595307"
  },
  {
    "source": "https://openalex.org/W4390873129",
    "target": "https://openalex.org/W1901129140"
  },
  {
    "source": "https://openalex.org/W2791680898",
    "target": "https://openalex.org/W2592929672"
  },
  {
    "source": "https://openalex.org/W3136424010",
    "target": "https://openalex.org/W3090605478"
  },
  {
    "source": "https://openalex.org/W1983592655",
    "target": "https://openalex.org/W1980114101"
  },
  {
    "source": "https://openalex.org/W2986785750",
    "target": "https://openalex.org/W2963392702"
  },
  {
    "source": "https://openalex.org/W4312568229",
    "target": "https://openalex.org/W3203841574"
  },
  {
    "source": "https://openalex.org/W2981994674",
    "target": "https://openalex.org/W2885343725"
  },
  {
    "source": "https://openalex.org/W2069816479",
    "target": "https://openalex.org/W2104276184"
  },
  {
    "source": "https://openalex.org/W3164581645",
    "target": "https://openalex.org/W2964744899"
  },
  {
    "source": "https://openalex.org/W2885824038",
    "target": "https://openalex.org/W2592929672"
  },
  {
    "source": "https://openalex.org/W4306647851",
    "target": "https://openalex.org/W2963730812"
  },
  {
    "source": "https://openalex.org/W1980114101",
    "target": "https://openalex.org/W2118961645"
  },
  {
    "source": "https://openalex.org/W4362603432",
    "target": "https://openalex.org/W1641498739"
  },
  {
    "source": "https://openalex.org/W3203480968",
    "target": "https://openalex.org/W3090974769"
  },
  {
    "source": "https://openalex.org/W2888358068",
    "target": "https://openalex.org/W2301358467"
  },
  {
    "source": "https://openalex.org/W3176466780",
    "target": "https://openalex.org/W1641498739"
  },
  {
    "source": "https://openalex.org/W3108656121",
    "target": "https://openalex.org/W2914570111"
  },
  {
    "source": "https://openalex.org/W2141168890",
    "target": "https://openalex.org/W2168668658"
  },
  {
    "source": "https://openalex.org/W2962731543",
    "target": "https://openalex.org/W2763160469"
  },
  {
    "source": "https://openalex.org/W3089090082",
    "target": "https://openalex.org/W2981994674"
  },
  {
    "source": "https://openalex.org/W4382372079",
    "target": "https://openalex.org/W4381332772"
  },
  {
    "source": "https://openalex.org/W2914570111",
    "target": "https://openalex.org/W2127318120"
  },
  {
    "source": "https://openalex.org/W3103010481",
    "target": "https://openalex.org/W2791680898"
  },
  {
    "source": "https://openalex.org/W2345010043",
    "target": "https://openalex.org/W2150903265"
  },
  {
    "source": "https://openalex.org/W3122431193",
    "target": "https://openalex.org/W2327793514"
  },
  {
    "source": "https://openalex.org/W2587828787",
    "target": "https://openalex.org/W1915761309"
  },
  {
    "source": "https://openalex.org/W2133287637",
    "target": "https://openalex.org/W2153431772"
  },
  {
    "source": "https://openalex.org/W3217644914",
    "target": "https://openalex.org/W2974825848"
  },
  {
    "source": "https://openalex.org/W3104164805",
    "target": "https://openalex.org/W2118961645"
  },
  {
    "source": "https://openalex.org/W2607363228",
    "target": "https://openalex.org/W2564782580"
  },
  {
    "source": "https://openalex.org/W2910094941",
    "target": "https://openalex.org/W2153431772"
  },
  {
    "source": "https://openalex.org/W4396783545",
    "target": "https://openalex.org/W3204255739"
  },
  {
    "source": "https://openalex.org/W2890139949",
    "target": "https://openalex.org/W2288892845"
  },
  {
    "source": "https://openalex.org/W3204166336",
    "target": "https://openalex.org/W1901129140"
  },
  {
    "source": "https://openalex.org/W2094366314",
    "target": "https://openalex.org/W4296142362"
  },
  {
    "source": "https://openalex.org/W2592929672",
    "target": "https://openalex.org/W2322371438"
  },
  {
    "source": "https://openalex.org/W4392666353",
    "target": "https://openalex.org/W2094366314"
  },
  {
    "source": "https://openalex.org/W3164581645",
    "target": "https://openalex.org/W2971013993"
  },
  {
    "source": "https://openalex.org/W3027914507",
    "target": "https://openalex.org/W1932469787"
  },
  {
    "source": "https://openalex.org/W2327793514",
    "target": "https://openalex.org/W2037776979"
  },
  {
    "source": "https://openalex.org/W4396783545",
    "target": "https://openalex.org/W2791680898"
  },
  {
    "source": "https://openalex.org/W2778924750",
    "target": "https://openalex.org/W2141168890"
  },
  {
    "source": "https://openalex.org/W3211983116",
    "target": "https://openalex.org/W3023402713"
  },
  {
    "source": "https://openalex.org/W2288892845",
    "target": "https://openalex.org/W2126393454"
  },
  {
    "source": "https://openalex.org/W4323924189",
    "target": "https://openalex.org/W2301358467"
  },
  {
    "source": "https://openalex.org/W2046142779",
    "target": "https://openalex.org/W2117340355"
  },
  {
    "source": "https://openalex.org/W855272188",
    "target": "https://openalex.org/W22040386"
  },
  {
    "source": "https://openalex.org/W2117340355",
    "target": "https://openalex.org/W2117530999"
  },
  {
    "source": "https://openalex.org/W3089090082",
    "target": "https://openalex.org/W2312404985"
  },
  {
    "source": "https://openalex.org/W2963768110",
    "target": "https://openalex.org/W2791621240"
  },
  {
    "source": "https://openalex.org/W4391594064",
    "target": "https://openalex.org/W4318566866"
  },
  {
    "source": "https://openalex.org/W3209646389",
    "target": "https://openalex.org/W3094059395"
  },
  {
    "source": "https://openalex.org/W2345010043",
    "target": "https://openalex.org/W2346062110"
  },
  {
    "source": "https://openalex.org/W3090974769",
    "target": "https://openalex.org/W3013198566"
  },
  {
    "source": "https://openalex.org/W2912664121",
    "target": "https://openalex.org/W2024798729"
  },
  {
    "source": "https://openalex.org/W4396783545",
    "target": "https://openalex.org/W1901129140"
  },
  {
    "source": "https://openalex.org/W4382372079",
    "target": "https://openalex.org/W2963768110"
  },
  {
    "source": "https://openalex.org/W3103010481",
    "target": "https://openalex.org/W2101608218"
  },
  {
    "source": "https://openalex.org/W2592905743",
    "target": "https://openalex.org/W2288892845"
  },
  {
    "source": "https://openalex.org/W2963392702",
    "target": "https://openalex.org/W2617128058"
  },
  {
    "source": "https://openalex.org/W2607363228",
    "target": "https://openalex.org/W2310992461"
  },
  {
    "source": "https://openalex.org/W3036586801",
    "target": "https://openalex.org/W2964317695"
  },
  {
    "source": "https://openalex.org/W2141168890",
    "target": "https://openalex.org/W2008257035"
  },
  {
    "source": "https://openalex.org/W3136424010",
    "target": "https://openalex.org/W2888358068"
  },
  {
    "source": "https://openalex.org/W4318566866",
    "target": "https://openalex.org/W1641498739"
  },
  {
    "source": "https://openalex.org/W3027763298",
    "target": "https://openalex.org/W2888358068"
  },
  {
    "source": "https://openalex.org/W2974825848",
    "target": "https://openalex.org/W2592905743"
  },
  {
    "source": "https://openalex.org/W3176466780",
    "target": "https://openalex.org/W3204255739"
  },
  {
    "source": "https://openalex.org/W2977942577",
    "target": "https://openalex.org/W2964317695"
  },
  {
    "source": "https://openalex.org/W3204255739",
    "target": "https://openalex.org/W2996290406"
  },
  {
    "source": "https://openalex.org/W2253429366",
    "target": "https://openalex.org/W22040386"
  },
  {
    "source": "https://openalex.org/W2883105305",
    "target": "https://openalex.org/W2584483805"
  },
  {
    "source": "https://openalex.org/W2592929672",
    "target": "https://openalex.org/W2248620004"
  },
  {
    "source": "https://openalex.org/W2964744899",
    "target": "https://openalex.org/W1641498739"
  },
  {
    "source": "https://openalex.org/W3209367260",
    "target": "https://openalex.org/W2592929672"
  },
  {
    "source": "https://openalex.org/W3096812112",
    "target": "https://openalex.org/W2888358068"
  },
  {
    "source": "https://openalex.org/W2964227007",
    "target": "https://openalex.org/W1884191083"
  },
  {
    "source": "https://openalex.org/W4309566365",
    "target": "https://openalex.org/W2607363228"
  },
  {
    "source": "https://openalex.org/W4381332772",
    "target": "https://openalex.org/W4226133625"
  },
  {
    "source": "https://openalex.org/W2890139949",
    "target": "https://openalex.org/W2617128058"
  },
  {
    "source": "https://openalex.org/W2051578148",
    "target": "https://openalex.org/W1982761740"
  },
  {
    "source": "https://openalex.org/W2564782580",
    "target": "https://openalex.org/W2345010043"
  },
  {
    "source": "https://openalex.org/W2054422278",
    "target": "https://openalex.org/W2015897296"
  },
  {
    "source": "https://openalex.org/W2115167851",
    "target": "https://openalex.org/W2118961645"
  },
  {
    "source": "https://openalex.org/W66427752",
    "target": "https://openalex.org/W22040386"
  },
  {
    "source": "https://openalex.org/W3164581645",
    "target": "https://openalex.org/W2971561076"
  },
  {
    "source": "https://openalex.org/W4400881081",
    "target": "https://openalex.org/W4312568229"
  },
  {
    "source": "https://openalex.org/W2888358068",
    "target": "https://openalex.org/W2000585255"
  },
  {
    "source": "https://openalex.org/W2021204548",
    "target": "https://openalex.org/W2142592339"
  },
  {
    "source": "https://openalex.org/W3100730608",
    "target": "https://openalex.org/W2156739854"
  },
  {
    "source": "https://openalex.org/W1641498739",
    "target": "https://openalex.org/W2117340355"
  },
  {
    "source": "https://openalex.org/W2996290406",
    "target": "https://openalex.org/W1641498739"
  },
  {
    "source": "https://openalex.org/W4396783545",
    "target": "https://openalex.org/W4312568229"
  },
  {
    "source": "https://openalex.org/W2248620004",
    "target": "https://openalex.org/W1932469787"
  },
  {
    "source": "https://openalex.org/W2980030301",
    "target": "https://openalex.org/W2493683088"
  },
  {
    "source": "https://openalex.org/W2963392702",
    "target": "https://openalex.org/W3103586216"
  },
  {
    "source": "https://openalex.org/W4226502176",
    "target": "https://openalex.org/W2106033751"
  },
  {
    "source": "https://openalex.org/W4226497331",
    "target": "https://openalex.org/W4306914348"
  },
  {
    "source": "https://openalex.org/W1994062553",
    "target": "https://openalex.org/W2024798729"
  },
  {
    "source": "https://openalex.org/W2897755679",
    "target": "https://openalex.org/W2155662634"
  },
  {
    "source": "https://openalex.org/W3183198896",
    "target": "https://openalex.org/W2888358068"
  },
  {
    "source": "https://openalex.org/W2008257035",
    "target": "https://openalex.org/W2156739854"
  },
  {
    "source": "https://openalex.org/W1667869507",
    "target": "https://openalex.org/W1994062553"
  },
  {
    "source": "https://openalex.org/W2804047627",
    "target": "https://openalex.org/W1987512289"
  },
  {
    "source": "https://openalex.org/W3204166336",
    "target": "https://openalex.org/W3092344722"
  },
  {
    "source": "https://openalex.org/W2323929895",
    "target": "https://openalex.org/W2122692815"
  },
  {
    "source": "https://openalex.org/W4282976788",
    "target": "https://openalex.org/W3100730608"
  },
  {
    "source": "https://openalex.org/W4295934721",
    "target": "https://openalex.org/W1901129140"
  },
  {
    "source": "https://openalex.org/W4200015473",
    "target": "https://openalex.org/W3013198566"
  },
  {
    "source": "https://openalex.org/W2883105305",
    "target": "https://openalex.org/W2617128058"
  },
  {
    "source": "https://openalex.org/W2890139949",
    "target": "https://openalex.org/W2778924750"
  },
  {
    "source": "https://openalex.org/W2253429366",
    "target": "https://openalex.org/W66427752"
  },
  {
    "source": "https://openalex.org/W2962734274",
    "target": "https://openalex.org/W2156739854"
  },
  {
    "source": "https://openalex.org/W3089090082",
    "target": "https://openalex.org/W2885824038"
  },
  {
    "source": "https://openalex.org/W2564782580",
    "target": "https://openalex.org/W2346062110"
  },
  {
    "source": "https://openalex.org/W4226133625",
    "target": "https://openalex.org/W2883105305"
  },
  {
    "source": "https://openalex.org/W855272188",
    "target": "https://openalex.org/W317170363"
  },
  {
    "source": "https://openalex.org/W4306914348",
    "target": "https://openalex.org/W2133287637"
  },
  {
    "source": "https://openalex.org/W2962731543",
    "target": "https://openalex.org/W2106033751"
  },
  {
    "source": "https://openalex.org/W3127057363",
    "target": "https://openalex.org/W2964317695"
  },
  {
    "source": "https://openalex.org/W1980114101",
    "target": "https://openalex.org/W2123225824"
  },
  {
    "source": "https://openalex.org/W4391594064",
    "target": "https://openalex.org/W2971013993"
  },
  {
    "source": "https://openalex.org/W2109037308",
    "target": "https://openalex.org/W2171459511"
  },
  {
    "source": "https://openalex.org/W2763160469",
    "target": "https://openalex.org/W855272188"
  },
  {
    "source": "https://openalex.org/W4362603432",
    "target": "https://openalex.org/W2996290406"
  },
  {
    "source": "https://openalex.org/W4308637617",
    "target": "https://openalex.org/W2791621240"
  },
  {
    "source": "https://openalex.org/W3101507774",
    "target": "https://openalex.org/W1901129140"
  },
  {
    "source": "https://openalex.org/W2046142779",
    "target": "https://openalex.org/W2128806031"
  },
  {
    "source": "https://openalex.org/W2964227007",
    "target": "https://openalex.org/W2346062110"
  },
  {
    "source": "https://openalex.org/W2964744899",
    "target": "https://openalex.org/W2153431772"
  },
  {
    "source": "https://openalex.org/W2115167851",
    "target": "https://openalex.org/W1983592655"
  },
  {
    "source": "https://openalex.org/W3094059395",
    "target": "https://openalex.org/W3103010481"
  },
  {
    "source": "https://openalex.org/W4396783545",
    "target": "https://openalex.org/W2804047627"
  },
  {
    "source": "https://openalex.org/W3089090082",
    "target": "https://openalex.org/W22040386"
  },
  {
    "source": "https://openalex.org/W4295934721",
    "target": "https://openalex.org/W3203480968"
  },
  {
    "source": "https://openalex.org/W3216717225",
    "target": "https://openalex.org/W2584017349"
  },
  {
    "source": "https://openalex.org/W2301358467",
    "target": "https://openalex.org/W2145661921"
  },
  {
    "source": "https://openalex.org/W3139379779",
    "target": "https://openalex.org/W2912664121"
  },
  {
    "source": "https://openalex.org/W4362603432",
    "target": "https://openalex.org/W2912664121"
  },
  {
    "source": "https://openalex.org/W2592929672",
    "target": "https://openalex.org/W1884191083"
  },
  {
    "source": "https://openalex.org/W3101507774",
    "target": "https://openalex.org/W2101608218"
  },
  {
    "source": "https://openalex.org/W4382372079",
    "target": "https://openalex.org/W3176466780"
  },
  {
    "source": "https://openalex.org/W3002569343",
    "target": "https://openalex.org/W1641498739"
  },
  {
    "source": "https://openalex.org/W2962731543",
    "target": "https://openalex.org/W2101608218"
  },
  {
    "source": "https://openalex.org/W2763160469",
    "target": "https://openalex.org/W2592929672"
  },
  {
    "source": "https://openalex.org/W2109037308",
    "target": "https://openalex.org/W2116628223"
  },
  {
    "source": "https://openalex.org/W4323924189",
    "target": "https://openalex.org/W2964744899"
  },
  {
    "source": "https://openalex.org/W4362603432",
    "target": "https://openalex.org/W2288892845"
  },
  {
    "source": "https://openalex.org/W3103010481",
    "target": "https://openalex.org/W2109037308"
  },
  {
    "source": "https://openalex.org/W2971013993",
    "target": "https://openalex.org/W2327793514"
  },
  {
    "source": "https://openalex.org/W2981994674",
    "target": "https://openalex.org/W2312404985"
  },
  {
    "source": "https://openalex.org/W4312568229",
    "target": "https://openalex.org/W3092344722"
  },
  {
    "source": "https://openalex.org/W2141168890",
    "target": "https://openalex.org/W2156739854"
  },
  {
    "source": "https://openalex.org/W4362603432",
    "target": "https://openalex.org/W2804047627"
  },
  {
    "source": "https://openalex.org/W2150903265",
    "target": "https://openalex.org/W2104276184"
  },
  {
    "source": "https://openalex.org/W2037776979",
    "target": "https://openalex.org/W2119399382"
  },
  {
    "source": "https://openalex.org/W4318566866",
    "target": "https://openalex.org/W4226133625"
  },
  {
    "source": "https://openalex.org/W4362603432",
    "target": "https://openalex.org/W3103010481"
  },
  {
    "source": "https://openalex.org/W3164581645",
    "target": "https://openalex.org/W2996290406"
  },
  {
    "source": "https://openalex.org/W2592929672",
    "target": "https://openalex.org/W2345010043"
  },
  {
    "source": "https://openalex.org/W2971013993",
    "target": "https://openalex.org/W2964227007"
  },
  {
    "source": "https://openalex.org/W3212407416",
    "target": "https://openalex.org/W2266464013"
  },
  {
    "source": "https://openalex.org/W4309022712",
    "target": "https://openalex.org/W2288892845"
  },
  {
    "source": "https://openalex.org/W4226133625",
    "target": "https://openalex.org/W3103586216"
  },
  {
    "source": "https://openalex.org/W2971013993",
    "target": "https://openalex.org/W2288892845"
  },
  {
    "source": "https://openalex.org/W3103010481",
    "target": "https://openalex.org/W2104324599"
  },
  {
    "source": "https://openalex.org/W4318566866",
    "target": "https://openalex.org/W4312568229"
  },
  {
    "source": "https://openalex.org/W3094059395",
    "target": "https://openalex.org/W2163344010"
  },
  {
    "source": "https://openalex.org/W3090974769",
    "target": "https://openalex.org/W1641498739"
  },
  {
    "source": "https://openalex.org/W4282976788",
    "target": "https://openalex.org/W2791621240"
  },
  {
    "source": "https://openalex.org/W2345010043",
    "target": "https://openalex.org/W2253429366"
  },
  {
    "source": "https://openalex.org/W4318566866",
    "target": "https://openalex.org/W4226497331"
  },
  {
    "source": "https://openalex.org/W2051578148",
    "target": "https://openalex.org/W2086106167"
  },
  {
    "source": "https://openalex.org/W4306194578",
    "target": "https://openalex.org/W2964744899"
  },
  {
    "source": "https://openalex.org/W2115167851",
    "target": "https://openalex.org/W2126393454"
  },
  {
    "source": "https://openalex.org/W2081178133",
    "target": "https://openalex.org/W2104324599"
  },
  {
    "source": "https://openalex.org/W2897755679",
    "target": "https://openalex.org/W2253429366"
  },
  {
    "source": "https://openalex.org/W2791680898",
    "target": "https://openalex.org/W2620296437"
  },
  {
    "source": "https://openalex.org/W1667869507",
    "target": "https://openalex.org/W1980114101"
  },
  {
    "source": "https://openalex.org/W3209367260",
    "target": "https://openalex.org/W2592905743"
  },
  {
    "source": "https://openalex.org/W3096812112",
    "target": "https://openalex.org/W2592929672"
  },
  {
    "source": "https://openalex.org/W4310330006",
    "target": "https://openalex.org/W3002569343"
  },
  {
    "source": "https://openalex.org/W2963768110",
    "target": "https://openalex.org/W2778924750"
  },
  {
    "source": "https://openalex.org/W4391480223",
    "target": "https://openalex.org/W2890139949"
  },
  {
    "source": "https://openalex.org/W3027763298",
    "target": "https://openalex.org/W2964317695"
  },
  {
    "source": "https://openalex.org/W3176466780",
    "target": "https://openalex.org/W66427752"
  },
  {
    "source": "https://openalex.org/W3127057363",
    "target": "https://openalex.org/W3027914507"
  },
  {
    "source": "https://openalex.org/W2037776979",
    "target": "https://openalex.org/W2171459511"
  },
  {
    "source": "https://openalex.org/W4308637617",
    "target": "https://openalex.org/W2115723093"
  },
  {
    "source": "https://openalex.org/W3204166336",
    "target": "https://openalex.org/W2888358068"
  },
  {
    "source": "https://openalex.org/W2592929672",
    "target": "https://openalex.org/W2346062110"
  },
  {
    "source": "https://openalex.org/W4226502176",
    "target": "https://openalex.org/W2804047627"
  },
  {
    "source": "https://openalex.org/W2584017349",
    "target": "https://openalex.org/W1992122542"
  },
  {
    "source": "https://openalex.org/W2054902886",
    "target": "https://openalex.org/W1970928383"
  },
  {
    "source": "https://openalex.org/W4282976788",
    "target": "https://openalex.org/W2963730812"
  },
  {
    "source": "https://openalex.org/W3104164805",
    "target": "https://openalex.org/W2115167851"
  },
  {
    "source": "https://openalex.org/W3204614423",
    "target": "https://openalex.org/W2971013993"
  },
  {
    "source": "https://openalex.org/W2974825848",
    "target": "https://openalex.org/W2592929672"
  },
  {
    "source": "https://openalex.org/W4391594064",
    "target": "https://openalex.org/W4382998948"
  },
  {
    "source": "https://openalex.org/W3002569343",
    "target": "https://openalex.org/W2153431772"
  },
  {
    "source": "https://openalex.org/W4318566866",
    "target": "https://openalex.org/W2288892845"
  },
  {
    "source": "https://openalex.org/W4396783545",
    "target": "https://openalex.org/W3203841574"
  },
  {
    "source": "https://openalex.org/W2883105305",
    "target": "https://openalex.org/W2168668658"
  },
  {
    "source": "https://openalex.org/W4308637617",
    "target": "https://openalex.org/W2883105305"
  },
  {
    "source": "https://openalex.org/W3027763298",
    "target": "https://openalex.org/W2253429366"
  },
  {
    "source": "https://openalex.org/W2963730812",
    "target": "https://openalex.org/W2133287637"
  },
  {
    "source": "https://openalex.org/W2109037308",
    "target": "https://openalex.org/W2163344010"
  },
  {
    "source": "https://openalex.org/W2791621240",
    "target": "https://openalex.org/W2594014149"
  },
  {
    "source": "https://openalex.org/W2914959431",
    "target": "https://openalex.org/W2253429366"
  },
  {
    "source": "https://openalex.org/W1987512289",
    "target": "https://openalex.org/W2104276184"
  },
  {
    "source": "https://openalex.org/W2885343725",
    "target": "https://openalex.org/W2132031490"
  },
  {
    "source": "https://openalex.org/W4392666353",
    "target": "https://openalex.org/W2584483805"
  },
  {
    "source": "https://openalex.org/W3136424010",
    "target": "https://openalex.org/W2964227007"
  },
  {
    "source": "https://openalex.org/W3027763298",
    "target": "https://openalex.org/W2964227007"
  },
  {
    "source": "https://openalex.org/W2890139949",
    "target": "https://openalex.org/W2592929672"
  },
  {
    "source": "https://openalex.org/W4390707065",
    "target": "https://openalex.org/W4226133625"
  },
  {
    "source": "https://openalex.org/W2964317695",
    "target": "https://openalex.org/W2346062110"
  },
  {
    "source": "https://openalex.org/W4318566866",
    "target": "https://openalex.org/W4200066891"
  },
  {
    "source": "https://openalex.org/W3096812112",
    "target": "https://openalex.org/W2301358467"
  },
  {
    "source": "https://openalex.org/W3090605478",
    "target": "https://openalex.org/W2153431772"
  },
  {
    "source": "https://openalex.org/W3183198896",
    "target": "https://openalex.org/W2964317695"
  },
  {
    "source": "https://openalex.org/W2141168890",
    "target": "https://openalex.org/W2011710850"
  },
  {
    "source": "https://openalex.org/W2051578148",
    "target": "https://openalex.org/W2170092083"
  },
  {
    "source": "https://openalex.org/W2592929672",
    "target": "https://openalex.org/W2312404985"
  },
  {
    "source": "https://openalex.org/W4309566365",
    "target": "https://openalex.org/W3027763298"
  },
  {
    "source": "https://openalex.org/W2106033751",
    "target": "https://openalex.org/W2126393454"
  },
  {
    "source": "https://openalex.org/W4362603432",
    "target": "https://openalex.org/W2345010043"
  },
  {
    "source": "https://openalex.org/W4377695098",
    "target": "https://openalex.org/W1641498739"
  },
  {
    "source": "https://openalex.org/W3122431193",
    "target": "https://openalex.org/W1995023030"
  },
  {
    "source": "https://openalex.org/W2977942577",
    "target": "https://openalex.org/W2971013993"
  },
  {
    "source": "https://openalex.org/W4323924189",
    "target": "https://openalex.org/W2971561076"
  },
  {
    "source": "https://openalex.org/W2564782580",
    "target": "https://openalex.org/W2253429366"
  },
  {
    "source": "https://openalex.org/W4381332772",
    "target": "https://openalex.org/W3100730608"
  },
  {
    "source": "https://openalex.org/W2168668658",
    "target": "https://openalex.org/W2167577940"
  },
  {
    "source": "https://openalex.org/W1980114101",
    "target": "https://openalex.org/W2116895317"
  },
  {
    "source": "https://openalex.org/W2146905754",
    "target": "https://openalex.org/W2126393454"
  },
  {
    "source": "https://openalex.org/W3209367260",
    "target": "https://openalex.org/W2969278648"
  },
  {
    "source": "https://openalex.org/W2804047627",
    "target": "https://openalex.org/W2592929672"
  },
  {
    "source": "https://openalex.org/W2000585255",
    "target": "https://openalex.org/W2153431772"
  },
  {
    "source": "https://openalex.org/W2133287637",
    "target": "https://openalex.org/W2128806031"
  },
  {
    "source": "https://openalex.org/W3089090082",
    "target": "https://openalex.org/W2890139949"
  },
  {
    "source": "https://openalex.org/W3092783643",
    "target": "https://openalex.org/W2301358467"
  },
  {
    "source": "https://openalex.org/W2584017349",
    "target": "https://openalex.org/W2322371438"
  },
  {
    "source": "https://openalex.org/W2620296437",
    "target": "https://openalex.org/W2301358467"
  },
  {
    "source": "https://openalex.org/W3139379779",
    "target": "https://openalex.org/W2890139949"
  },
  {
    "source": "https://openalex.org/W2110872054",
    "target": "https://openalex.org/W2101689475"
  },
  {
    "source": "https://openalex.org/W4298395281",
    "target": "https://openalex.org/W2592905743"
  },
  {
    "source": "https://openalex.org/W2587828787",
    "target": "https://openalex.org/W2117340355"
  },
  {
    "source": "https://openalex.org/W2963730812",
    "target": "https://openalex.org/W2301358467"
  },
  {
    "source": "https://openalex.org/W3164581645",
    "target": "https://openalex.org/W3027763298"
  },
  {
    "source": "https://openalex.org/W4306914348",
    "target": "https://openalex.org/W2126393454"
  },
  {
    "source": "https://openalex.org/W3176466780",
    "target": "https://openalex.org/W2890139949"
  },
  {
    "source": "https://openalex.org/W4321760728",
    "target": "https://openalex.org/W3194662286"
  },
  {
    "source": "https://openalex.org/W3101507774",
    "target": "https://openalex.org/W2104324599"
  },
  {
    "source": "https://openalex.org/W2971013993",
    "target": "https://openalex.org/W2890139949"
  },
  {
    "source": "https://openalex.org/W2587828787",
    "target": "https://openalex.org/W1884191083"
  },
  {
    "source": "https://openalex.org/W1667869507",
    "target": "https://openalex.org/W2102595307"
  },
  {
    "source": "https://openalex.org/W4318566866",
    "target": "https://openalex.org/W317170363"
  },
  {
    "source": "https://openalex.org/W2021204548",
    "target": "https://openalex.org/W2117530999"
  },
  {
    "source": "https://openalex.org/W4295934721",
    "target": "https://openalex.org/W3203841574"
  },
  {
    "source": "https://openalex.org/W4362603432",
    "target": "https://openalex.org/W2963392702"
  },
  {
    "source": "https://openalex.org/W3204255739",
    "target": "https://openalex.org/W1901129140"
  },
  {
    "source": "https://openalex.org/W4318566866",
    "target": "https://openalex.org/W1915761309"
  },
  {
    "source": "https://openalex.org/W2141168890",
    "target": "https://openalex.org/W2073660032"
  },
  {
    "source": "https://openalex.org/W4362603432",
    "target": "https://openalex.org/W2981994674"
  },
  {
    "source": "https://openalex.org/W1667869507",
    "target": "https://openalex.org/W2128806031"
  },
  {
    "source": "https://openalex.org/W4200015473",
    "target": "https://openalex.org/W2607363228"
  },
  {
    "source": "https://openalex.org/W3103586216",
    "target": "https://openalex.org/W2094366314"
  },
  {
    "source": "https://openalex.org/W4309022712",
    "target": "https://openalex.org/W2346062110"
  },
  {
    "source": "https://openalex.org/W2971013993",
    "target": "https://openalex.org/W2346062110"
  },
  {
    "source": "https://openalex.org/W3094059395",
    "target": "https://openalex.org/W2791680898"
  },
  {
    "source": "https://openalex.org/W4390873129",
    "target": "https://openalex.org/W3094059395"
  },
  {
    "source": "https://openalex.org/W3090974769",
    "target": "https://openalex.org/W2996290406"
  },
  {
    "source": "https://openalex.org/W2910094941",
    "target": "https://openalex.org/W1901129140"
  },
  {
    "source": "https://openalex.org/W4392883923",
    "target": "https://openalex.org/W2885343725"
  },
  {
    "source": "https://openalex.org/W2979448322",
    "target": "https://openalex.org/W2108824200"
  },
  {
    "source": "https://openalex.org/W3083699157",
    "target": "https://openalex.org/W2592905743"
  },
  {
    "source": "https://openalex.org/W3164581645",
    "target": "https://openalex.org/W1970928383"
  },
  {
    "source": "https://openalex.org/W3013198566",
    "target": "https://openalex.org/W3103010481"
  },
  {
    "source": "https://openalex.org/W4381332772",
    "target": "https://openalex.org/W2963768110"
  },
  {
    "source": "https://openalex.org/W3203841574",
    "target": "https://openalex.org/W1641498739"
  },
  {
    "source": "https://openalex.org/W2051578148",
    "target": "https://openalex.org/W2119399382"
  },
  {
    "source": "https://openalex.org/W2081178133",
    "target": "https://openalex.org/W2108824200"
  },
  {
    "source": "https://openalex.org/W2977942577",
    "target": "https://openalex.org/W2592929672"
  },
  {
    "source": "https://openalex.org/W2885343725",
    "target": "https://openalex.org/W2312404985"
  },
  {
    "source": "https://openalex.org/W3216717225",
    "target": "https://openalex.org/W2592929672"
  },
  {
    "source": "https://openalex.org/W4396783545",
    "target": "https://openalex.org/W2464708700"
  },
  {
    "source": "https://openalex.org/W4392883923",
    "target": "https://openalex.org/W2592905743"
  },
  {
    "source": "https://openalex.org/W4381332772",
    "target": "https://openalex.org/W2791621240"
  },
  {
    "source": "https://openalex.org/W2778924750",
    "target": "https://openalex.org/W2168668658"
  },
  {
    "source": "https://openalex.org/W1667869507",
    "target": "https://openalex.org/W2107030642"
  },
  {
    "source": "https://openalex.org/W2964317695",
    "target": "https://openalex.org/W2592929672"
  },
  {
    "source": "https://openalex.org/W2288892845",
    "target": "https://openalex.org/W2132031490"
  },
  {
    "source": "https://openalex.org/W2150903265",
    "target": "https://openalex.org/W2115723093"
  },
  {
    "source": "https://openalex.org/W3211983116",
    "target": "https://openalex.org/W3028070348"
  },
  {
    "source": "https://openalex.org/W4282976788",
    "target": "https://openalex.org/W2778924750"
  },
  {
    "source": "https://openalex.org/W4321760728",
    "target": "https://openalex.org/W2301358467"
  },
  {
    "source": "https://openalex.org/W4362603432",
    "target": "https://openalex.org/W4205213185"
  },
  {
    "source": "https://openalex.org/W3093394156",
    "target": "https://openalex.org/W2804047627"
  },
  {
    "source": "https://openalex.org/W4226199676",
    "target": "https://openalex.org/W2804047627"
  },
  {
    "source": "https://openalex.org/W3090974769",
    "target": "https://openalex.org/W2288892845"
  },
  {
    "source": "https://openalex.org/W2106033751",
    "target": "https://openalex.org/W2107871626"
  },
  {
    "source": "https://openalex.org/W2962731543",
    "target": "https://openalex.org/W2104276184"
  },
  {
    "source": "https://openalex.org/W4282976788",
    "target": "https://openalex.org/W3203841574"
  },
  {
    "source": "https://openalex.org/W4318566866",
    "target": "https://openalex.org/W2963392702"
  },
  {
    "source": "https://openalex.org/W2464708700",
    "target": "https://openalex.org/W1901129140"
  },
  {
    "source": "https://openalex.org/W2885343725",
    "target": "https://openalex.org/W1901129140"
  },
  {
    "source": "https://openalex.org/W4205213185",
    "target": "https://openalex.org/W1982761740"
  },
  {
    "source": "https://openalex.org/W4309022712",
    "target": "https://openalex.org/W3139379779"
  },
  {
    "source": "https://openalex.org/W4200066891",
    "target": "https://openalex.org/W1641498739"
  },
  {
    "source": "https://openalex.org/W2890139949",
    "target": "https://openalex.org/W1983592655"
  },
  {
    "source": "https://openalex.org/W4318566866",
    "target": "https://openalex.org/W2981994674"
  },
  {
    "source": "https://openalex.org/W4390707065",
    "target": "https://openalex.org/W2743780012"
  },
  {
    "source": "https://openalex.org/W2086106167",
    "target": "https://openalex.org/W2163344010"
  },
  {
    "source": "https://openalex.org/W3176466780",
    "target": "https://openalex.org/W2963768110"
  },
  {
    "source": "https://openalex.org/W3203480968",
    "target": "https://openalex.org/W2981994674"
  },
  {
    "source": "https://openalex.org/W4205213185",
    "target": "https://openalex.org/W3103010481"
  },
  {
    "source": "https://openalex.org/W4377695098",
    "target": "https://openalex.org/W4226133625"
  },
  {
    "source": "https://openalex.org/W4306914348",
    "target": "https://openalex.org/W2115167851"
  },
  {
    "source": "https://openalex.org/W2963768110",
    "target": "https://openalex.org/W2015897296"
  },
  {
    "source": "https://openalex.org/W2470965540",
    "target": "https://openalex.org/W2312404985"
  },
  {
    "source": "https://openalex.org/W3089090082",
    "target": "https://openalex.org/W2592929672"
  },
  {
    "source": "https://openalex.org/W3096812112",
    "target": "https://openalex.org/W2763160469"
  },
  {
    "source": "https://openalex.org/W4400881081",
    "target": "https://openalex.org/W2996290406"
  },
  {
    "source": "https://openalex.org/W4294842893",
    "target": "https://openalex.org/W2763160469"
  },
  {
    "source": "https://openalex.org/W2345010043",
    "target": "https://openalex.org/W2310992461"
  },
  {
    "source": "https://openalex.org/W2106033751",
    "target": "https://openalex.org/W2153431772"
  },
  {
    "source": "https://openalex.org/W317170363",
    "target": "https://openalex.org/W1915761309"
  },
  {
    "source": "https://openalex.org/W2345010043",
    "target": "https://openalex.org/W2323929895"
  },
  {
    "source": "https://openalex.org/W3209367260",
    "target": "https://openalex.org/W2974825848"
  },
  {
    "source": "https://openalex.org/W4385481295",
    "target": "https://openalex.org/W1641498739"
  },
  {
    "source": "https://openalex.org/W3103010481",
    "target": "https://openalex.org/W2327793514"
  },
  {
    "source": "https://openalex.org/W2141168890",
    "target": "https://openalex.org/W2167577940"
  },
  {
    "source": "https://openalex.org/W2763160469",
    "target": "https://openalex.org/W1641498739"
  },
  {
    "source": "https://openalex.org/W4282976788",
    "target": "https://openalex.org/W2594014149"
  },
  {
    "source": "https://openalex.org/W2883105305",
    "target": "https://openalex.org/W2156739854"
  },
  {
    "source": "https://openalex.org/W3164581645",
    "target": "https://openalex.org/W2791680898"
  },
  {
    "source": "https://openalex.org/W2891590469",
    "target": "https://openalex.org/W2133287637"
  },
  {
    "source": "https://openalex.org/W3122431193",
    "target": "https://openalex.org/W3101507774"
  },
  {
    "source": "https://openalex.org/W3027763298",
    "target": "https://openalex.org/W2971013993"
  },
  {
    "source": "https://openalex.org/W3089090082",
    "target": "https://openalex.org/W2964317695"
  },
  {
    "source": "https://openalex.org/W3209646389",
    "target": "https://openalex.org/W3013198566"
  },
  {
    "source": "https://openalex.org/W2594014149",
    "target": "https://openalex.org/W2168668658"
  },
  {
    "source": "https://openalex.org/W4318566866",
    "target": "https://openalex.org/W3096812112"
  },
  {
    "source": "https://openalex.org/W4295934721",
    "target": "https://openalex.org/W2464708700"
  },
  {
    "source": "https://openalex.org/W2971013993",
    "target": "https://openalex.org/W2592929672"
  },
  {
    "source": "https://openalex.org/W3103010481",
    "target": "https://openalex.org/W2037776979"
  },
  {
    "source": "https://openalex.org/W4205213185",
    "target": "https://openalex.org/W3085574514"
  },
  {
    "source": "https://openalex.org/W2910094941",
    "target": "https://openalex.org/W2964227007"
  },
  {
    "source": "https://openalex.org/W4318566866",
    "target": "https://openalex.org/W4205213185"
  },
  {
    "source": "https://openalex.org/W4362603432",
    "target": "https://openalex.org/W2964317695"
  },
  {
    "source": "https://openalex.org/W4391480223",
    "target": "https://openalex.org/W2584017349"
  },
  {
    "source": "https://openalex.org/W4400881081",
    "target": "https://openalex.org/W2964227007"
  },
  {
    "source": "https://openalex.org/W1980114101",
    "target": "https://openalex.org/W1965262908"
  },
  {
    "source": "https://openalex.org/W3106904274",
    "target": "https://openalex.org/W2592929672"
  },
  {
    "source": "https://openalex.org/W2971013993",
    "target": "https://openalex.org/W2964317695"
  },
  {
    "source": "https://openalex.org/W2897755679",
    "target": "https://openalex.org/W1992122542"
  },
  {
    "source": "https://openalex.org/W2986785750",
    "target": "https://openalex.org/W2964227007"
  },
  {
    "source": "https://openalex.org/W2102595307",
    "target": "https://openalex.org/W2128806031"
  },
  {
    "source": "https://openalex.org/W3203480968",
    "target": "https://openalex.org/W1901129140"
  },
  {
    "source": "https://openalex.org/W3101507774",
    "target": "https://openalex.org/W2108824200"
  },
  {
    "source": "https://openalex.org/W4381332772",
    "target": "https://openalex.org/W2962734274"
  },
  {
    "source": "https://openalex.org/W4377695098",
    "target": "https://openalex.org/W2804047627"
  },
  {
    "source": "https://openalex.org/W2104324599",
    "target": "https://openalex.org/W2086106167"
  },
  {
    "source": "https://openalex.org/W2963768110",
    "target": "https://openalex.org/W2883105305"
  },
  {
    "source": "https://openalex.org/W3092344722",
    "target": "https://openalex.org/W1901129140"
  },
  {
    "source": "https://openalex.org/W3209646389",
    "target": "https://openalex.org/W3103010481"
  },
  {
    "source": "https://openalex.org/W3164581645",
    "target": "https://openalex.org/W3045460727"
  },
  {
    "source": "https://openalex.org/W4381332772",
    "target": "https://openalex.org/W3176466780"
  },
  {
    "source": "https://openalex.org/W4318566866",
    "target": "https://openalex.org/W1932469787"
  },
  {
    "source": "https://openalex.org/W4308889883",
    "target": "https://openalex.org/W2592929672"
  },
  {
    "source": "https://openalex.org/W2885343725",
    "target": "https://openalex.org/W22040386"
  },
  {
    "source": "https://openalex.org/W2971561076",
    "target": "https://openalex.org/W1641498739"
  },
  {
    "source": "https://openalex.org/W1667869507",
    "target": "https://openalex.org/W2118961645"
  },
  {
    "source": "https://openalex.org/W1966364402",
    "target": "https://openalex.org/W2094366314"
  },
  {
    "source": "https://openalex.org/W4318566866",
    "target": "https://openalex.org/W2804047627"
  },
  {
    "source": "https://openalex.org/W3139379779",
    "target": "https://openalex.org/W3023402713"
  },
  {
    "source": "https://openalex.org/W3106295246",
    "target": "https://openalex.org/W2883105305"
  },
  {
    "source": "https://openalex.org/W3136424010",
    "target": "https://openalex.org/W2962731543"
  },
  {
    "source": "https://openalex.org/W1994062553",
    "target": "https://openalex.org/W2126393454"
  },
  {
    "source": "https://openalex.org/W2971013993",
    "target": "https://openalex.org/W2301358467"
  },
  {
    "source": "https://openalex.org/W3164581645",
    "target": "https://openalex.org/W3118868805"
  },
  {
    "source": "https://openalex.org/W4323924189",
    "target": "https://openalex.org/W3027763298"
  },
  {
    "source": "https://openalex.org/W2971013993",
    "target": "https://openalex.org/W2253429366"
  },
  {
    "source": "https://openalex.org/W3216717225",
    "target": "https://openalex.org/W3103010481"
  },
  {
    "source": "https://openalex.org/W3104164805",
    "target": "https://openalex.org/W1970928383"
  },
  {
    "source": "https://openalex.org/W2115167851",
    "target": "https://openalex.org/W1980114101"
  },
  {
    "source": "https://openalex.org/W2778924750",
    "target": "https://openalex.org/W2115723093"
  },
  {
    "source": "https://openalex.org/W2310992461",
    "target": "https://openalex.org/W2117340355"
  },
  {
    "source": "https://openalex.org/W2963730812",
    "target": "https://openalex.org/W1641498739"
  },
  {
    "source": "https://openalex.org/W3094059395",
    "target": "https://openalex.org/W2109037308"
  },
  {
    "source": "https://openalex.org/W3106295246",
    "target": "https://openalex.org/W2617128058"
  },
  {
    "source": "https://openalex.org/W2763160469",
    "target": "https://openalex.org/W1901129140"
  },
  {
    "source": "https://openalex.org/W4225724954",
    "target": "https://openalex.org/W1901129140"
  },
  {
    "source": "https://openalex.org/W3127057363",
    "target": "https://openalex.org/W3028070348"
  },
  {
    "source": "https://openalex.org/W4318566866",
    "target": "https://openalex.org/W2963730812"
  },
  {
    "source": "https://openalex.org/W4225724954",
    "target": "https://openalex.org/W2963768110"
  },
  {
    "source": "https://openalex.org/W4226497331",
    "target": "https://openalex.org/W1970928383"
  },
  {
    "source": "https://openalex.org/W2345010043",
    "target": "https://openalex.org/W2322371438"
  },
  {
    "source": "https://openalex.org/W4392666353",
    "target": "https://openalex.org/W4377695098"
  },
  {
    "source": "https://openalex.org/W2288892845",
    "target": "https://openalex.org/W2156398782"
  },
  {
    "source": "https://openalex.org/W4296671877",
    "target": "https://openalex.org/W3002569343"
  },
  {
    "source": "https://openalex.org/W2897755679",
    "target": "https://openalex.org/W2322371438"
  },
  {
    "source": "https://openalex.org/W4391594064",
    "target": "https://openalex.org/W3204255739"
  },
  {
    "source": "https://openalex.org/W3089090082",
    "target": "https://openalex.org/W2885343725"
  },
  {
    "source": "https://openalex.org/W3085574514",
    "target": "https://openalex.org/W3101507774"
  },
  {
    "source": "https://openalex.org/W4312568229",
    "target": "https://openalex.org/W3013198566"
  },
  {
    "source": "https://openalex.org/W4390707065",
    "target": "https://openalex.org/W1901129140"
  },
  {
    "source": "https://openalex.org/W4306647851",
    "target": "https://openalex.org/W1641498739"
  },
  {
    "source": "https://openalex.org/W3209646389",
    "target": "https://openalex.org/W2763160469"
  },
  {
    "source": "https://openalex.org/W2312404985",
    "target": "https://openalex.org/W2248620004"
  },
  {
    "source": "https://openalex.org/W2587828787",
    "target": "https://openalex.org/W2301358467"
  },
  {
    "source": "https://openalex.org/W3139379779",
    "target": "https://openalex.org/W2024798729"
  },
  {
    "source": "https://openalex.org/W3023282579",
    "target": "https://openalex.org/W3103010481"
  },
  {
    "source": "https://openalex.org/W3164581645",
    "target": "https://openalex.org/W2964227007"
  },
  {
    "source": "https://openalex.org/W4318566866",
    "target": "https://openalex.org/W22040386"
  },
  {
    "source": "https://openalex.org/W4381332772",
    "target": "https://openalex.org/W2778924750"
  },
  {
    "source": "https://openalex.org/W2974825848",
    "target": "https://openalex.org/W2312404985"
  },
  {
    "source": "https://openalex.org/W4391594064",
    "target": "https://openalex.org/W1901129140"
  },
  {
    "source": "https://openalex.org/W4362603432",
    "target": "https://openalex.org/W4226199676"
  },
  {
    "source": "https://openalex.org/W3100730608",
    "target": "https://openalex.org/W2594014149"
  },
  {
    "source": "https://openalex.org/W3106295246",
    "target": "https://openalex.org/W3103586216"
  },
  {
    "source": "https://openalex.org/W2977942577",
    "target": "https://openalex.org/W2763160469"
  },
  {
    "source": "https://openalex.org/W2115167851",
    "target": "https://openalex.org/W2130257210"
  },
  {
    "source": "https://openalex.org/W1667869507",
    "target": "https://openalex.org/W2000585255"
  },
  {
    "source": "https://openalex.org/W4400881081",
    "target": "https://openalex.org/W2888358068"
  },
  {
    "source": "https://openalex.org/W1966364402",
    "target": "https://openalex.org/W2141168890"
  },
  {
    "source": "https://openalex.org/W3122431193",
    "target": "https://openalex.org/W2107871626"
  },
  {
    "source": "https://openalex.org/W3183198896",
    "target": "https://openalex.org/W2592929672"
  },
  {
    "source": "https://openalex.org/W3209367260",
    "target": "https://openalex.org/W2470965540"
  },
  {
    "source": "https://openalex.org/W4309915768",
    "target": "https://openalex.org/W2974825848"
  },
  {
    "source": "https://openalex.org/W2115167851",
    "target": "https://openalex.org/W2054902886"
  },
  {
    "source": "https://openalex.org/W1983592655",
    "target": "https://openalex.org/W2118961645"
  }
]